¤á,c1
ÆW,c2
´¶,c3
»ñ,c4
µX,c5
Öq,c6
ªÛ,c7
·ì,c8
¥Û,c9
ªN,c10
®ð,c11
§J,c12
¥q,c13
³ì,c14
¿³,c15
°¨,c16
ÄÉ,c17
±ñ,c18
±m,c19
¤å,c20
¶¾,c21
¯u,c22
¨|,c23
©e,c24
­û,c25
ªù,c26
¦W,c27
³õ,c28
¾å,c29
®p,c30
«È,c31
Â§,c32
¤Æ,c33
²[,c34
¼Ú,c35
«i,c36
¬R,c37
®¶,c38
»ö,c39
±i,c40
´­,c41
ÀR,c42
ªö,c43
µ{,c44
ºô,c45
©±,c46
¶²,c47
¥à,c48
ªK,c49
ÃÄ,c50
¤h,c51
«°,c52
¦Ë,c53
«É,c54
¬_,c55
¤j,c56
¨é,c57
ÃC,c58
´J,c59
«T,c60
¼z,c61
­µ,c62
¤k,c63
Àç,c64
©M,c65
«Ç,c66
¤g,c67
º®,c68
·¨,c69
¿à,c70
ºa,c71
®È,c72
«³,c73
±ö,c74
®],c75
»·,c76
­»,c77
Üg,c78
Á¨,c79
±K,c80
µa,c81
«B,c82
´¼,c83
°Ï,c84
¾ô,c85
¾ì,c86
ªÑ,c87
¦°,c88
´¸,c89
Þ³,c90
ÑÔ,c91
¬Ó,c92
¦N,c93
³¯,c94
ã¸,c95
©ö,c96
°T,c97
¤è,c98
¥­,c99
¾ð,c100
ªo,c101
¯«,c102
´å,c103
­Û,c104
µ^,c105
¨½,c106
±ä,c107
ªÅ,c108
§i,c109
¬I,c110
³ó,c111
¶T,c112
¾W,c113
°·,c114
¼Ý,c115
¯²,c116
¤s,c117
°û,c118
¾§,c119
¦ë,c120
¦Ð,c121
¦n,c122
¯§,c123
­},c124
ªk,c125
·~,c126
«Î,c127
§g,c128
¤T,c129
¬K,c130
¬Õ,c131
¹d,c132
¶ì,c133
¿·,c134
¶v,c135
³¹,c136
»È,c137
¦Û,c138
¶é,c139
©¾,c140
®ø,c141
¸î,c142
«¸,c143
­§,c144
³·,c145
¹B,c146
¸©,c147
«a,c148
¶§,c149
½²,c150
½ü,c151
Å@,c152
ªL,c153
±d,c154
¿A,c155
»O,c156
°ò,c157
¥É,c158
­ð,c159
º¸,c160
·q,c161
¬ü,c162
©v,c163
¨Ø,c164
ÐA,c165
­³,c166
¬î,c167
°s,c168
§õ,c169
¬x,c170
¦Ê,c171
¥ý,c172
´D,c173
¹ê,c174
À³,c175
ÄË,c176
°ê,c177
©¨,c178
µ×,c179
¥_,c180
¶¼,c181
¾ã,c182
·ë,c183
¸q,c184
¯à,c185
¬P,c186
°¥,c187
¹q,c188
¨ó,c189
¦ö,c190
¥],c191
¤ß,c192
§Ê,c193
ÃQ,c194
®®,c195
¤u,c196
®a,c197
Öö,c198
¿²,c199
¥î,c200
§Q,c201
»«,c202
µú,c203
¼y,c204
ª@,c205
¤£,c206
§B,c207
§f,c208
©w,c209
©_,c210
¯q,c211
¨ã,c212
ªü,c213
´Ü,c214
°|,c215
¬v,c216
´^,c217
®É,c218
½¦,c219
¼v,c220
¥N,c221
§ß,c222
à±,c223
±R,c224
´°,c225
«º,c226
Åã,c227
¾Ë,c228
´Ñ,c229
¨Ý,c230
¤Ñ,c231
´C,c232
­P,c233
ªY,c234
ªG,c235
«í,c236
¶R,c237
¥j,c238
¸Î,c239
¤Í,c240
Ãö,c241
¥÷,c242
¯Z,c243
¿[,c244
¾G,c245
­J,c246
¹ù,c247
®Û,c248
¨Ê,c249
«O,c250
¤­,c251
´µ,c252
§º,c253
²»,c254
¥Á,c255
ªå,c256
´Á,c257
«C,c258
°È,c259
°ó,c260
¯E,c261
À\,c262
°¶,c263
­¹,c264
­S,c265
¿c,c266
ºÕ,c267
º_,c268
±Ó,c269
¸Ë,c270
º~,c271
¨H,c272
«~,c273
»Í,c274
¬X,c275
»A,c276
¸t,c277
¤½,c278
Äõ,c279
ÄÁ,c280
ºÓ,c281
½å,c282
¯À,c283
³],c284
³Ó,c285
¦³,c286
©~,c287
ÃÒ,c288
³\,c289
»¨,c290
¬u,c291
·u,c292
¨Ó,c293
²Q,c294
®õ,c295
¤§,c296
´¿,c297
¤¹,c298
ºñ,c299
ªv,c300
ªâ,c301
¥¿,c302
¯Â,c303
¨Æ,c304
¸s,c305
¦a,c306
§{,c307
¥ô,c308
¤d,c309
¥¨,c310
¶Ô,c311
¬¡,c312
¬Ã,c313
¬M,c314
Ä_,c315
©Ý,c316
¦P,c317
§ø,c318
®æ,c319
³y,c320
­¸,c321
»õ,c322
¤¸,c323
¨¾,c324
¦h,c325
²±,c326
Åï,c327
©|,c328
ª÷,c329
¿o,c330
Åé,c331
ÀM,c332
¬Â,c333
¤ë,c334
«n,c335
¦w,c336
¶°,c337
«G,c338
¦X,c339
³Æ,c340
Ãý,c341
¸ê,c342
³Í,c343
ªA,c344
µ½,c345
Às,c346
¶À,c347
°Ó,c348
ºÍ,c349
¤º,c350
¾H,c351
ªÃ,c352
µn,c353
ªÀ,c354
¥ü,c355
¾±,c356
¬À,c357
©À,c358
¨°,c359
¤ô,c360
¨T,c361
§Þ,c362
¨à,c363
¤¯,c364
¾¹,c365
¹¢,c366
¥ú,c367
¦æ,c368
Ãv,c369
Ãè,c370
µÓ,c371
­á,c372
ÅK,c373
´º,c374
¾Ð,c375
Àé,c376
·×,c377
¨K,c378
«H,c379
·H,c380
·ù,c381
­Z,c382
øÊ,c383
¶E,c384
½÷,c385
¦À,c386
¶Q,c387
©Ò,c388
Ä£,c389
ªô,c390
«Â,c391
³ø,c392
Àø,c393
¼ä,c394
¿P,c395
¦L,c396
®e,c397
®ü,c398
µÎ,c399
·½,c400
«Û,c401
Áo,c402
¶¯,c403
¨ê,c404
Þ±,c405
µÙ,c406
µâ,c407
¥K,c408
®m,c409
µ·,c410
±M,c411
©É,c412
§»,c413
¸à,c414
ºö,c415
ÀI,c416
ÀA,c417
­^,c418
³f,c419
¤H,c420
¤À,c421
¯ù,c422
Áp,c423
Â×,c424
´Ú,c425
¥Õ,c426
½Õ,c427
©ý,c428
©s,c429
±o,c430
¸R,c431
§½,c432
­­,c433
Åv,c434
¼ï,c435
³¢,c436
¿½,c437
¬ö,c438
¨ä,c439
¹Î,c440
¿¤,c441
³Å,c442
®S,c443
¤_,c444
¼t,c445
³N,c446
°],c447
¶£,c448
¥ø,c449
¥Ó,c450
³¡,c451
¥þ,c452
±j,c453
¨®,c454
¶ê,c455
©Ð,c456
©÷,c457
¶³,c458
®Ñ,c459
¸Û,c460
¬w,c461
°U,c462
¨k,c463
±ç,c464
¼Ó,c465
®Æ,c466
ºû,c467
¦è,c468
­¦,c469
¦p,c470
²Î,c471
¬ã,c472
©ô,c473
¦K,c474
Âå,c475
¾¤,c476
¬f,c477
¯³,c478
¨Î,c479
³Ç,c480
©ú,c481
«J,c482
´Ë,c483
¹Ò,c484
±s,c485
¥æ,c486
ªl,c487
³s,c488
½n,c489
¸g,c490
ÄP,c491
¼á,c492
¾_,c493
ß»,c494
´Â,c495
¹F,c496
­ì,c497
µY,c498
¬ì,c499
°Ý,c500
Án,c501
¦¿,c502
®x,c503
¤ý,c504
¸â,c505
¬y,c506
±Ò,c507
¥x,c508
·|,c509
«Ø,c510
¯è,c511
¯È,c512
½U,c513
ÃÀ,c514
¶i,c515
¥ß,c516
µØ,c517
²z,c518
­b,c519
©f,c520
·O,c521
¼B,c522
¯S,c523
µq,c524
ÂE,c525
©[,c526
°O,c527
ªé,c528
¬F,c529
¥Ð,c530
¦ã,c531
¤É,c532
³ù,c533
ªá,c534
¼ü,c535
»ô,c536
¤B,c537
¸­,c538
¥Í,c539
ÂÅ,c540
¤W,c541
©y,c542
¦¶,c543
¿v,c544
§ù,c545
­ë,c546
®},c547
¤ú,c548
­«,c549
·Ô,c550
¨p,c551
Â´,c552
­s,c553
©ø,c554
­i,c555
¾P,c556
¤Ó,c557
®i,c558
¥Î,c559
·N,c560
®f,c561
À],c562
Ùy,c563
²ú,c564
©P,c565
¼í,c566
³Ð,c567
§ë,c568
ª´,c569
¹A,c570
ÁÂ,c571
¹D,c572
°í,c573
·R,c574
¦ó,c575
¤O,c576
¼e,c577
²ø,c578
ªQ,c579
ºú,c580
¤[,c581
±á,c582
­â,c583
ºë,c584
®v,c585
¨È,c586
°ª,c587
´I,c588
»Ú,c589
¯¾,c590
¦¨,c591
¹ç,c592
ªZ,c593
¨å,c594
Â²,c595
§D,c596
¤p,c597
ºÖ,c598
èb,c599
ÅU,c600
¨q,c601
»Ê,c602
¸U,c603
¤é,c604
Îë,c605
§e,c606
¬z,c607
ÄÝ,c608
Áé,c609
§÷,c610
¨t,c611
Àu,c612
§d,c613
¥®,c614
¼w,c615
¨¦,c616
½¬,c617
·z,c618
³q,c619
¤l,c620
ª«,c621
­õ,c622
§U,c623
¼Æ,c624
¼s,c625
§Ó,c626
«Ò,c627
Äý,c628
«Å,c629
¼Ö,c630
ÄR,c631
¨©,c632
µo,c633
Á`,c634
³ß,c635
´@,c636
Áø,c637
¾÷,c638
Â`,c639
¹ü,c640
¬Á,c641
Â¾,c642
©Ó,c643
¼þ,c644
°Ê,c645
²y,c646
·ç,c647
¿«,c648
¶¶,c649
´f,c650
¶h,c651
¦t,c652
¨ô,c653
¤¶,c654
©¯,c655
Ã£,c656
¥c,c657
¸Ö,c658
²£,c659
¥i,c660
­Y,c661
»¯,c662
´¹,c663
¥Ý,c664
Äw,c665
§N,c666
¶W,c667
®ç,c668
¥©,c669
¨¹,c670
¥ò,c671
§E,c672
¥ì,c673
Ã¹,c674
¹´,c675
®¦,c676
¥«,c677
¼b,c678
¶×,c679
ªF,c680
Àô,c681
¹t,c682
ÓT,c683
®Ê,c684
§Å,c685
±Ð,c686
®Z,c687
©g,c688
ßN,c689
¹a,c690
³Õ,c691
«ä,c692
¯ø,c693
¶P,c694
¶},c695
¦ì,c696
¹©,c697
¨F,c698
¶©,c699
ºÑ,c700
»T,c701
¶Ç,c702
¸£,c703
¯],c704
©Ô,c705
Á¾,c706
Ä¬,c707
Â@,c708
¤¤,c709
¯Î,c710
­×,c711
¦Ì,c712
Âí,c713
¤t,c714
¶®,c715
¥°,c716
½±,c717
·s,c718
¦~,c719
§±,c720
¨},c721
¦ç,c722
ªø,c723
«À,c724
»y,c725
¥@,c726
µø,c727
±¶,c728
ÔÐ,c729
ºÞ,c730
»s,c731
¶{,c732
­·,c733
À¹,c734
°a,c735
¥Ã,c736
µ¤,c737
ªÚ,c738
¬L,c739
­Ü,c740
¾Ç,c741
«ß,c742
¦u,c743
¨³,c744
¥[,c745
±l,c746
§Æ,c747
·Ó,c748
­p,c749
«p,c750
²M,c751
½Ã,c752
Á§,c753
³B,c754
Æp,c755
¹Å,c756
¨¥,c757
¤ì,c758
¹Ø,c759
µÏ,c760
²³,c761
·¶,c762
´_,c763
²Ð,c764
´ö,c765
·_,c766
½ç,c767
µ¦,c768
Æ[,c769
§@,c770
»E,c771
³»,c772
°ö,c773
¿Ä,c774
§u,c775
¯\,c776
½Ë,c777
¹Ï,c778
²b,c779
¿û,c780
¥»,c781
ÄQ,c782
¬õ,c783
­º,c784
ÌÉ,c785
µ¾,c786
Þm,c787
¾T,c788
¥¡,c789
ïú,c790
¥P,c791
²K,c792
¥D,c793
¦â,c794
ñZ,c795
­],c796
«l,c797
¸³,c798
±`,c799
¬±,c800
©÷,c801
ÑÔ,c801
ÓT,c802
Öö,c803
ªå,c804
©ý,c805
Ùy,c806
ÔÐ,c807
¾±,c808
Þm,c809
¹d,c810
ïú,c811
ª@,c812
èb,c813
ß»,c814
ã¸,c815
Þ³,c816
Üg,c817
øÊ,c818
¬R,c819
·z,c820
¿[,c821
ªé,c822
µa,c823
¨Ý,c824
Öq,c825
Â`,c826
ÌÉ,c827
·_,c828
°¥,c829
¶£,c830
à±,c831
Îë,c832
Þ±,c833
ßN,c834
ÐA,c835
ñZ,c836
ÑÔ,c801
ÑÔ,c801
ÓT,c802
Öö,c803
ªå,c804
©ý,c805
Ùy,c806
ÔÐ,c807
¾±,c808
Þm,c809
¹d,c810
ïú,c811
ª@,c812
èb,c813
ß»,c814
ã¸,c815
Þ³,c816
Üg,c817
øÊ,c818
¬R,c819
·z,c820
¿[,c821
ªé,c822
µa,c823
¨Ý,c824
Öq,c825
Â`,c826
ÌÉ,c827
·_,c828
°¥,c829
¶£,c830
à±,c831
Îë,c832
Þ±,c833
ßN,c834
ÐA,c835
ñZ,c836
ÑÔ,c801
ÓT,c802
Öö,c803
ªå,c804
©ý,c805
Ùy,c806
ÔÐ,c807
¾±,c808
Þm,c809
¹d,c810
ïú,c811
ª@,c812
èb,c813
ß»,c814
ã¸,c815
Þ³,c816
Üg,c817
øÊ,c818
¬R,c819
·z,c820
¿[,c821
ªé,c822
µa,c823
¨Ý,c824
Öq,c825
Â`,c826
ÌÉ,c827
·_,c828
°¥,c829
¶£,c830
à±,c831
Îë,c832
Þ±,c833
ßN,c834
ÐA,c835
ñZ,c836
ÑÔ,c801
ÓT,c802
Öö,c803
ªå,c804
©ý,c805
Ùy,c806
ÔÐ,c807
¾±,c808
Þm,c809
¹d,c810
ïú,c811
ª@,c812
èb,c813
ß»,c814
ã¸,c815
Þ³,c816
Üg,c817
øÊ,c818
¬R,c819
·z,c820
¿[,c821
ªé,c822
µa,c823
¨Ý,c824
Öq,c825
Â`,c826
ÌÉ,c827
·_,c828
°¥,c829
¶£,c830
à±,c831
Îë,c832
Þ±,c833
ßN,c834
ÐA,c835
ñZ,c836
ÑÔ,c801
ÓT,c802
Öö,c803
ªå,c804
©ý,c805
Ùy,c806
ÔÐ,c807
¾±,c808
Þm,c809
¹d,c810
ïú,c811
ª@,c812
èb,c813
ß»,c814
ã¸,c815
Þ³,c816
Üg,c817
øÊ,c818
¬R,c819
·z,c820
¿[,c821
ªé,c822
µa,c823
¨Ý,c824
Öq,c825
Â`,c826
ÌÉ,c827
·_,c828
°¥,c829
¶£,c830
à±,c831
Îë,c832
Þ±,c833
ßN,c834
ÐA,c835
ñZ,c836
ÑÔ,c801
ÓT,c802
Öö,c803
ªå,c804
©ý,c805
Ùy,c806
ÔÐ,c807
¾±,c808
Þm,c809
¹d,c810
ïú,c811
ª@,c812
èb,c813
ß»,c814
ã¸,c815
Þ³,c816
Üg,c817
øÊ,c818
¬R,c819
·z,c820
¿[,c821
ªé,c822
µa,c823
¨Ý,c824
Öq,c825
Â`,c826
ÌÉ,c827
·_,c828
°¥,c829
¶£,c830
à±,c831
Îë,c832
Þ±,c833
ßN,c834
ÐA,c835
ñZ,c836
ÑÔ,c801
ÓT,c802
Öö,c803
ªå,c804
©ý,c805
Ùy,c806
ÔÐ,c807
¾±,c808
Þm,c809
¹d,c810
ïú,c811
ª@,c812
èb,c813
ß»,c814
ã¸,c815
Þ³,c816
Üg,c817
øÊ,c818
¬R,c819
·z,c820
¿[,c821
ªé,c822
µa,c823
¨Ý,c824
Öq,c825
Â`,c826
ÌÉ,c827
·_,c828
°¥,c829
¶£,c830
à±,c831
Îë,c832
Þ±,c833
ßN,c834
ÐA,c835
ñZ,c836
ÑÔ,c801
ÓT,c802
Öö,c803
ªå,c804
©ý,c805
Ùy,c806
ÔÐ,c807
¾±,c808
Þm,c809
¹d,c810
ïú,c811
ª@,c812
èb,c813
ß»,c814
ã¸,c815
Þ³,c816
Üg,c817
øÊ,c818
¬R,c819
·z,c820
¿[,c821
ªé,c822
µa,c823
¨Ý,c824
Öq,c825
Â`,c826
ÌÉ,c827
·_,c828
°¥,c829
¶£,c830
à±,c831
Îë,c832
Þ±,c833
ßN,c834
ÐA,c835
ñZ,c836
ÁÏ,c801
µÇ,c802
¾Ó,c803
³c,c804
«Ê,c805
¹ò,c806
µä,c807
¤Þ,c808
«P,c809
¸N,c810
¤ð,c811
ÆK,c812
ªM,c813
³¾,c814
ÃÔ,c815
¯æ,c816
±â,c817
»É,c818
ÃÈ,c819
´õ,c820
²·,c821
¤Ü,c822
¯},c823
¾i,c824
¯¦,c825
ª^,c826
¤¼,c827
ªI,c828
Å[,c829
Å·,c830
Âú,c831
±¡,c832
°Î,c833
½ã,c834
¦ü,c835
¬¹,c836
¥á,c837
À´,c838
·þ,c839
µk,c840
¸¥,c841
ÀL,c842
±à,c843
¶â,c844
»é,c845
¶¤,c846
°â,c847
©Î,c848
¾á,c849
«ê,c850
¨ù,c851
®q,c852
¹Ä,c853
¾þ,c854
¥×,c855
¿×,c856
»ä,c857
µI,c858
¶Ñ,c859
µW,c860
¿y,c861
Áè,c862
ÄÄ,c863
¿Ð,c864
µA,c865
®J,c866
¾ä,c867
»Õ,c868
½Ì,c869
Â·,c870
©×,c871
ºK,c872
Ä­,c873
¿ñ,c874
²Ï,c875
«¬,c876
Ão,c877
¿ù,c878
°V,c879
¸E,c880
°²,c881
¨~,c882
§â,c883
Äé,c884
¯Ú,c885
Áò,c886
¶¿,c887
¾U,c888
³Y,c889
µ¢,c890
¹³,c891
ÂÁ,c892
³J,c893
³_,c894
¼Î,c895
¸n,c896
¶½,c897
«¿,c898
¹Ô,c899
®·,c900
¥Ü,c901
§è,c902
¹Ý,c903
¸è,c904
¹I,c905
ª`,c906
¤»,c907
¦ú,c908
Ãñ,c909
®{,c910
¿i,c911
Àe,c912
µý,c913
°Ä,c914
°d,c915
±þ,c916
¾î,c917
µð,c918
¬å,c919
ª²,c920
©l,c921
®×,c922
Åù,c923
°ß,c924
¯¸,c925
«Þ,c926
±D,c927
Äz,c928
¼Ï,c929
ÃÐ,c930
©m,c931
¾õ,c932
¤õ,c933
©Æ,c934
¶Ý,c935
·¸,c936
¿Ë,c937
ÄU,c938
¿á,c939
¯Ç,c940
½|,c941
¹£,c942
µP,c943
¨r,c944
«·,c945
¶Ð,c946
·å,c947
´í,c948
Ár,c949
Ãm,c950
ÃM,c951
»U,c952
­Â,c953
¸Æ,c954
Â«,c955
®Ö,c956
¹X,c957
¥`,c958
¬d,c959
­Ã,c960
¤¬,c961
Äø,c962
¶ø,c963
³w,c964
¤o,c965
»µ,c966
ÄÆ,c967
»Ù,c968
ºg,c969
´³,c970
»ï,c971
ªì,c972
°ý,c973
±«,c974
¦{,c975
¿j,c976
¤C,c977
¼Q,c978
¬÷,c979
©c,c980
½L,c981
¦à,c982
Äá,c983
¶X,c984
­Ù,c985
¹p,c986
·ñ,c987
½R,c988
Âk,c989
¾Õ,c990
Äà,c991
½í,c992
¹[,c993
®A,c994
°ù,c995
¸¬,c996
ºÀ,c997
Ài,c998
¶æ,c999
ÂF,c1000
¨Å,c1001
´§,c1002
¸S,c1003
Á^,c1004
´Û,c1005
¥±,c1006
¦±,c1007
²X,c1008
»Ý,c1009
¿ý,c1010
¾h,c1011
©¿,c1012
µ²,c1013
¨§,c1014
Ás,c1015
·©,c1016
µ¥,c1017
³Ö,c1018
µë,c1019
µÝ,c1020
ÅP,c1021
·b,c1022
«N,c1023
¨ò,c1024
¶Ú,c1025
¨Ô,c1026
Äâ,c1027
¹ó,c1028
¨`,c1029
¶ú,c1030
¯U,c1031
©à,c1032
²n,c1033
·í,c1034
½Þ,c1035
µ°,c1036
Å¯,c1037
Âz,c1038
Å£,c1039
Ä×,c1040
Ã],c1041
Á~,c1042
¶A,c1043
®ù,c1044
³o,c1045
Ä§,c1046
³®,c1047
¦¸,c1048
¹n,c1049
ºl,c1050
±ù,c1051
¤û,c1052
º½,c1053
ªû,c1054
Âë,c1055
­F,c1056
Å¦,c1057
¹@,c1058
¨Û,c1059
ÁØ,c1060
¾s,c1061
»£,c1062
½ß,c1063
­L,c1064
³Z,c1065
Å«,c1066
ÅT,c1067
Ãí,c1068
ÁÚ,c1069
µh,c1070
¿E,c1071
ºì,c1072
©x,c1073
®¼,c1074
²F,c1075
¶È,c1076
ª¼,c1077
²©,c1078
µ´,c1079
Ãë,c1080
µÖ,c1081
¶N,c1082
­ñ,c1083
¿|,c1084
Â\,c1085
·ø,c1086
©ä,c1087
Äú,c1088
Åc,c1089
¿Ì,c1090
¨¨,c1091
¾²,c1092
µå,c1093
¦®,c1094
¶\,c1095
´þ,c1096
¥G,c1097
±Ä,c1098
¸O,c1099
Áû,c1100
½F,c1101
¸Ô,c1102
§b,c1103
¶Y,c1104
«þ,c1105
ÄA,c1106
µ­,c1107
»¸,c1108
®Í,c1109
»Å,c1110
¶k,c1111
¸},c1112
µÔ,c1113
Æ},c1114
°Þ,c1115
¾©,c1116
¾`,c1117
»x,c1118
ÃØ,c1119
¶»,c1120
ªB,c1121
¾~,c1122
¤M,c1123
°~,c1124
¼S,c1125
¯D,c1126
³{,c1127
¨¿,c1128
©ï,c1129
¹á,c1130
ÆU,c1131
´v,c1132
ºN,c1133
®b,c1134
¿p,c1135
²²,c1136
¸ò,c1137
ªÂ,c1138
¼K,c1139
ºü,c1140
Â¶,c1141
½­,c1142
²Â,c1143
«D,c1144
·ô,c1145
¿n,c1146
·Â,c1147
¥ç,c1148
¬ý,c1149
»´,c1150
Â£,c1151
´x,c1152
´~,c1153
ªÎ,c1154
Àþ,c1155
²J,c1156
§Õ,c1157
ºi,c1158
Âj,c1159
²¨,c1160
¬h,c1161
°á,c1162
½p,c1163
¾^,c1164
¼L,c1165
´c,c1166
¸¤,c1167
´´,c1168
ÃU,c1169
µá,c1170
ª¹,c1171
¦½,c1172
­I,c1173
¾ï,c1174
¶V,c1175
¾µ,c1176
«ë,c1177
°®,c1178
±Þ,c1179
À×,c1180
¦Ô,c1181
ÃT,c1182
­¯,c1183
³V,c1184
«¢,c1185
À{,c1186
«ñ,c1187
¬a,c1188
ªf,c1189
­ç,c1190
Æu,c1191
²Ó,c1192
¦e,c1193
­u,c1194
¼ö,c1195
Äd,c1196
º¡,c1197
¯Û,c1198
¸j,c1199
Á},c1200
ÂG,c1201
¸f,c1202
¼m,c1203
¯@,c1204
®ñ,c1205
®R,c1206
©ò,c1207
ÀX,c1208
­±,c1209
¸û,c1210
¥n,c1211
ÀW,c1212
¨¬,c1213
¤°,c1214
³Ä,c1215
­T,c1216
¬°,c1217
¹ï,c1218
©ü,c1219
´¨,c1220
§Ï,c1221
±´,c1222
¥º,c1223
ºÃ,c1224
Ä^,c1225
ºb,c1226
µÞ,c1227
º|,c1228
¤U,c1229
«®,c1230
´p,c1231
¾x,c1232
¾Ö,c1233
Äß,c1234
Âs,c1235
¥û,c1236
¨í,c1237
¦¾,c1238
¬Ò,c1239
·È,c1240
Åö,c1241
­z,c1242
©è,c1243
½\,c1244
¶Õ,c1245
»ó,c1246
¹Ö,c1247
´|,c1248
½Z,c1249
¿õ,c1250
¹¤,c1251
¿Q,c1252
ÅÃ,c1253
³Ü,c1254
°`,c1255
±ò,c1256
®ã,c1257
°¬,c1258
ªP,c1259
­÷,c1260
¤ù,c1261
©ù,c1262
ÁÐ,c1263
±À,c1264
¼F,c1265
¬Ù,c1266
¦ô,c1267
ÁA,c1268
ÀQ,c1269
ÀÙ,c1270
¹ý,c1271
ÅÅ,c1272
º°,c1273
´V,c1274
¶Ì,c1275
ÄÖ,c1276
¦j,c1277
¦I,c1278
ªh,c1279
¥½,c1280
¸Y,c1281
Æ],c1282
¹y,c1283
¼ª,c1284
®H,c1285
²Õ,c1286
À±,c1287
Áá,c1288
ª¾,c1289
¤þ,c1290
¿Ñ,c1291
©Å,c1292
Åþ,c1293
¼Ë,c1294
²r,c1295
¯¡,c1296
·E,c1297
Âr,c1298
°D,c1299
«u,c1300
´·,c1301
·¡,c1302
¥Ä,c1303
Âá,c1304
¯Õ,c1305
»Î,c1306
ºà,c1307
ÆF,c1308
¨Ç,c1309
ºx,c1310
¼@,c1311
ÂZ,c1312
­É,c1313
²H,c1314
«s,c1315
ÃÕ,c1316
¯ö,c1317
¦|,c1318
º@,c1319
ªó,c1320
À©,c1321
©³,c1322
²O,c1323
Ä¹,c1324
ªï,c1325
´ô,c1326
¯h,c1327
¬W,c1328
ª§,c1329
ÂÃ,c1330
²Ú,c1331
«Y,c1332
¼V,c1333
Ã°,c1334
Áy,c1335
§È,c1336
·j,c1337
Áõ,c1338
²÷,c1339
´ï,c1340
¸æ,c1341
®Þ,c1342
ÂJ,c1343
®ï,c1344
¿Î,c1345
©J,c1346
¯L,c1347
Á_,c1348
ÆX,c1349
ª_,c1350
±v,c1351
¤i,c1352
¹Û,c1353
»Ø,c1354
Ãâ,c1355
µp,c1356
»W,c1357
¦§,c1358
¼~,c1359
¶o,c1360
Á²,c1361
Äj,c1362
ÂX,c1363
±©,c1364
ÂC,c1365
º{,c1366
»h,c1367
ÃB,c1368
½´,c1369
¦E,c1370
ºÂ,c1371
¹å,c1372
¤·,c1373
¯î,c1374
¿C,c1375
´Ä,c1376
Â½,c1377
Äù,c1378
ÂM,c1379
¤D,c1380
ºØ,c1381
´F,c1382
ÆN,c1383
«¥,c1384
¯C,c1385
Â­,c1386
¥~,c1387
²í,c1388
Åå,c1389
®g,c1390
Áv,c1391
À¦,c1392
©Ñ,c1393
±f,c1394
«ò,c1395
Àv,c1396
½ö,c1397
§¿,c1398
§¤,c1399
©ª,c1400
´Z,c1401
Åè,c1402
»×,c1403
¾Ï,c1404
ºC,c1405
¦\,c1406
·c,c1407
ÀÍ,c1408
ÃO,c1409
²~,c1410
Ä|,c1411
ÅÇ,c1412
«g,c1413
Ào,c1414
¼Ì,c1415
¯Ó,c1416
ÁÊ,c1417
À¶,c1418
¹½,c1419
¦R,c1420
½t,c1421
¸ñ,c1422
ÃÏ,c1423
ÅB,c1424
À@,c1425
¼Þ,c1426
»­,c1427
²C,c1428
¹è,c1429
³C,c1430
·F,c1431
Åm,c1432
©a,c1433
Ãþ,c1434
ÂV,c1435
«ó,c1436
Åý,c1437
­h,c1438
°v,c1439
ÅM,c1440
²Û,c1441
©´,c1442
¹M,c1443
µ~,c1444
¿ì,c1445
Âû,c1446
²t,c1447
°w,c1448
Äe,c1449
¨¡,c1450
¹G,c1451
¼¡,c1452
¥f,c1453
¦Ç,c1454
ªm,c1455
§ì,c1456
´Ã,c1457
¸^,c1458
¥í,c1459
µL,c1460
ÅÂ,c1461
±g,c1462
º¨,c1463
ºÇ,c1464
´ò,c1465
§©,c1466
¬º,c1467
Àª,c1468
²ã,c1469
Å¼,c1470
·Å,c1471
·À,c1472
ÁÕ,c1473
±º,c1474
¥¯,c1475
®c,c1476
ÅÍ,c1477
¶ý,c1478
»I,c1479
Âà,c1480
¤Ð,c1481
±è,c1482
©u,c1483
ÃÞ,c1484
·U,c1485
Áj,c1486
¯ç,c1487
Ä°,c1488
ÀO,c1489
¨¢,c1490
ª±,c1491
ºÝ,c1492
¸Ý,c1493
¼l,c1494
¸º,c1495
­Ó,c1496
·n,c1497
Ãó,c1498
·Ë,c1499
¬ô,c1500
²®,c1501
¶á,c1502
¨¶,c1503
¶S,c1504
À|,c1505
Ä@,c1506
¸À,c1507
«q,c1508
¸A,c1509
§û,c1510
¤µ,c1511
µZ,c1512
¹«,c1513
§é,c1514
µÕ,c1515
¼i,c1516
¼§,c1517
ÃÁ,c1518
¿k,c1519
¶f,c1520
ªþ,c1521
»Ã,c1522
ªñ,c1523
Ãê,c1524
ÅZ,c1525
¤~,c1526
ÄB,c1527
©Á,c1528
«ð,c1529
ÄÒ,c1530
«Ý,c1531
¦Õ,c1532
À²,c1533
³É,c1534
®Ç,c1535
±ê,c1536
·¦,c1537
»X,c1538
Ã®,c1539
ÅG,c1540
¯i,c1541
¦ð,c1542
±¯,c1543
Â_,c1544
½ó,c1545
§O,c1546
°ä,c1547
¬B,c1548
Àl,c1549
½Y,c1550
¹ä,c1551
§x,c1552
®ô,c1553
½Ý,c1554
³§,c1555
±é,c1556
²k,c1557
µ¸,c1558
½o,c1559
Âq,c1560
Á´,c1561
³²,c1562
´î,c1563
Ä¤,c1564
µ©,c1565
¶O,c1566
¦F,c1567
Ãr,c1568
Å],c1569
±µ,c1570
¿~,c1571
­@,c1572
¥},c1573
°ð,c1574
ÂÛ,c1575
³v,c1576
¸í,c1577
­x,c1578
ÄW,c1579
Àß,c1580
º¢,c1581
¬`,c1582
³°,c1583
Åf,c1584
¹¡,c1585
¶Ê,c1586
Â¡,c1587
¸Ü,c1588
ÃY,c1589
¨º,c1590
Ãî,c1591
ÀÀ,c1592
·ò,c1593
ª³,c1594
Ã¦,c1595
¾º,c1596
«¹,c1597
²«,c1598
¸´,c1599
¿©,c1600
½ù,c1601
´¤,c1602
Âø,c1603
°^,c1604
©¸,c1605
ÂS,c1606
¸±,c1607
ÆG,c1608
¹{,c1609
¹Q,c1610
¾B,c1611
§®,c1612
Äþ,c1613
ÅS,c1614
¶m,c1615
¤æ,c1616
Äô,c1617
¥l,c1618
ÁD,c1619
¹Ñ,c1620
Æs,c1621
«`,c1622
¸Ù,c1623
¯É,c1624
±×,c1625
°Ã,c1626
ª·,c1627
¹s,c1628
Â¨,c1629
Äp,c1630
¨Ú,c1631
¨c,c1632
¶Å,c1633
«K,c1634
·´,c1635
ÂÌ,c1636
ºE,c1637
ÄÏ,c1638
¤Ô,c1639
¼A,c1640
ÃF,c1641
°æ,c1642
½¾,c1643
Åi,c1644
³è,c1645
±ý,c1646
ÅQ,c1647
½µ,c1648
¼õ,c1649
µ£,c1650
Å´,c1651
»î,c1652
¦@,c1653
®Ú,c1654
§·,c1655
¬n,c1656
³ô,c1657
±Å,c1658
§r,c1659
¾k,c1660
²l,c1661
¥£,c1662
ªy,c1663
¸a,c1664
³â,c1665
¿`,c1666
·t,c1667
Äx,c1668
ªË,c1669
¹`,c1670
´ç,c1671
¤a,c1672
¼q,c1673
¶­,c1674
ÂR,c1675
¸®,c1676
¨l,c1677
Æv,c1678
¦s,c1679
ªã,c1680
¨i,c1681
½J,c1682
±¦,c1683
¯ê,c1684
Â¦,c1685
¯Ò,c1686
¶î,c1687
Æk,c1688
Ãc,c1689
´É,c1690
Âo,c1691
­t,c1692
¾ú,c1693
©Ï,c1694
¤´,c1695
¥Ç,c1696
Ày,c1697
¨{,c1698
ÂÎ,c1699
½¶,c1700
©W,c1701
¶¥,c1702
µg,c1703
¥g,c1704
À¸,c1705
´Ö,c1706
­`,c1707
«ø,c1708
ÄÎ,c1709
µN,c1710
©Ø,c1711
Àõ,c1712
µ@,c1713
´z,c1714
¾},c1715
½w,c1716
Åñ,c1717
¸L,c1718
¸ç,c1719
®t,c1720
¬¢,c1721
»ð,c1722
ÂÍ,c1723
³p,c1724
°[,c1725
½V,c1726
Ã},c1727
Áb,c1728
²p,c1729
«¶,c1730
±Ê,c1731
´è,c1732
¦¡,c1733
©`,c1734
¦B,c1735
ªg,c1736
³i,c1737
¦¦,c1738
©b,c1739
¶¦,c1740
¯O,c1741
²Í,c1742
¥Ø,c1743
¹¯,c1744
Á¼,c1745
§s,c1746
¶õ,c1747
¹Ð,c1748
Äñ,c1749
­Õ,c1750
Ã­,c1751
Æ_,c1752
°Ù,c1753
¥ê,c1754
«­,c1755
¸D,c1756
ÅÉ,c1757
½á,c1758
¿ë,c1759
·õ,c1760
Ââ,c1761
µi,c1762
Ã¢,c1763
ÅÛ,c1764
ª¸,c1765
®î,c1766
«¯,c1767
¬ò,c1768
À»,c1769
°k,c1770
ÃP,c1771
©©,c1772
Á­,c1773
Ã¬,c1774
®X,c1775
½g,c1776
³à,c1777
¹Ã,c1778
§Ý,c1779
®z,c1780
Âù,c1781
º©,c1782
²\,c1783
Á{,c1784
Â|,c1785
¸þ,c1786
¬Í,c1787
©²,c1788
²o,c1789
°à,c1790
²I,c1791
ºð,c1792
©z,c1793
±¢,c1794
ÅA,c1795
±Æ,c1796
µt,c1797
¿Ö,c1798
®E,c1799
º×,c1800
ºX,c1801
²Ì,c1802
¸Ê,c1803
´Y,c1804
½À,c1805
§¯,c1806
¹°,c1807
Äè,c1808
»¡,c1809
¾w,c1810
¿¶,c1811
¹È,c1812
®¿,c1813
¦ï,c1814
ÁÙ,c1815
Äa,c1816
¬ù,c1817
®¸,c1818
¦x,c1819
¥S,c1820
®`,c1821
´ß,c1822
ÂK,c1823
¹¹,c1824
¹À,c1825
½_,c1826
½Ä,c1827
¼_,c1828
°},c1829
°Z,c1830
±J,c1831
§K,c1832
¼÷,c1833
°W,c1834
¾ò,c1835
¤ü,c1836
¥À,c1837
©K,c1838
¬Û,c1839
¥¢,c1840
¤Á,c1841
ª[,c1842
ºL,c1843
´Ó,c1844
®h,c1845
Âp,c1846
´ú,c1847
§Î,c1848
³ï,c1849
¹H,c1850
Âd,c1851
®o,c1852
ª¡,c1853
¸ý,c1854
°u,c1855
«^,c1856
¯Ð,c1857
Ãk,c1858
¹Ç,c1859
¹Ó,c1860
¿±,c1861
Âe,c1862
³¨,c1863
¥I,c1864
Áw,c1865
¤ó,c1866
»ª,c1867
»H,c1868
µÅ,c1869
¥§,c1870
ÃÃ,c1871
¦º,c1872
®³,c1873
¤¨,c1874
ÄÕ,c1875
´£,c1876
´o,c1877
µÐ,c1878
©ç,c1879
ªÖ,c1880
·ö,c1881
ªÒ,c1882
ÄÀ,c1883
¹W,c1884
¾À,c1885
¨N,c1886
®u,c1887
¼¦,c1888
ºM,c1889
¨o,c1890
¤Û,c1891
»¼,c1892
«k,c1893
¤Ë,c1894
¹L,c1895
ÄÐ,c1896
Äc,c1897
Áô,c1898
®è,c1899
Ær,c1900
¤Ù,c1901
©ñ,c1902
©§,c1903
ºe,c1904
³n,c1905
¤È,c1906
©ð,c1907
¼£,c1908
»¬,c1909
»},c1910
­È,c1911
Ä±,c1912
¯V,c1913
¦Ü,c1914
Â¬,c1915
½Å,c1916
°õ,c1917
®Ë,c1918
¥o,c1919
­M,c1920
«h,c1921
Ä¶,c1922
¼R,c1923
¹N,c1924
¹æ,c1925
¹m,c1926
ºÐ,c1927
¿Ó,c1928
»g,c1929
Å÷,c1930
¿ª,c1931
Ãø,c1932
¸v,c1933
±S,c1934
µã,c1935
§k,c1936
«ù,c1937
±¸,c1938
ÄG,c1939
·i,c1940
­n,c1941
ÂB,c1942
»k,c1943
¿ú,c1944
ª¯,c1945
°ñ,c1946
­ý,c1947
ÆP,c1948
¯ñ,c1949
Áý,c1950
²â,c1951
·f,c1952
ÄÚ,c1953
¾à,c1954
·v,c1955
°B,c1956
´G,c1957
µô,c1958
Á÷,c1959
°l,c1960
½×,c1961
ºã,c1962
ºÉ,c1963
¤Z,c1964
´«,c1965
»_,c1966
½£,c1967
°¸,c1968
°¹,c1969
¥Â,c1970
¶U,c1971
½k,c1972
ÄÛ,c1973
µß,c1974
®@,c1975
¿O,c1976
»Û,c1977
µó,c1978
ÂO,c1979
«t,c1980
ÆE,c1981
§À,c1982
¸e,c1983
½ñ,c1984
¦],c1985
ÃV,c1986
¹ô,c1987
¨x,c1988
Ây,c1989
«ö,c1990
¾Î,c1991
±W,c1992
©D,c1993
¨î,c1994
¬Î,c1995
µº,c1996
Äº,c1997
ÂÕ,c1998
Àh,c1999
¿Õ,c2000
¼î,c2001
º¶,c2002
¯[,c2003
±·,c2004
¯c,c2005
«m,c2006
Ãò,c2007
³ý,c2008
¤Å,c2009
®W,c2010
¬O,c2011
¤ñ,c2012
¿¾,c2013
­_,c2014
§Ä,c2015
´¯,c2016
±X,c2017
¶Ï,c2018
´N,c2019
¦Ý,c2020
·§,c2021
©Ç,c2022
µv,c2023
Áþ,c2024
¬A,c2025
¤Y,c2026
¶t,c2027
­é,c2028
µs,c2029
¥C,c2030
¼M,c2031
¼Ä,c2032
®ß,c2033
µ|,c2034
¬G,c2035
¶q,c2036
¤K,c2037
¬µ,c2038
³ë,c2039
´},c2040
¨«,c2041
¬¾,c2042
²þ,c2043
Ã\,c2044
À_,c2045
¥Ë,c2046
©},c2047
¥u,c2048
ÁB,c2049
®­,c2050
­q,c2051
©H,c2052
¬¶,c2053
±§,c2054
½È,c2055
«¡,c2056
§ê,c2057
¼J,c2058
«Í,c2059
·W,c2060
½ý,c2061
«M,c2062
¥b,c2063
§Â,c2064
°¦,c2065
²¯,c2066
ÁÍ,c2067
¥Q,c2068
»|,c2069
§I,c2070
¼},c2071
®â,c2072
Ã¾,c2073
ÂL,c2074
Ã¼,c2075
Ã`,c2076
§_,c2077
«w,c2078
ÅÈ,c2079
Ãá,c2080
¹],c2081
½ð,c2082
¯~,c2083
³D,c2084
ÂP,c2085
°÷,c2086
¦÷,c2087
§ä,c2088
¼Ü,c2089
©£,c2090
¶í,c2091
Ä\,c2092
¬ï,c2093
²ò,c2094
®À,c2095
Æw,c2096
²Ö,c2097
¦Ï,c2098
¶B,c2099
Ãª,c2100
§n,c2101
¦V,c2102
°°,c2103
ºé,c2104
¾y,c2105
§ö,c2106
´H,c2107
Ä~,c2108
°Q,c2109
Ãð,c2110
¹C,c2111
¼p,c2112
¸Ó,c2113
¸ì,c2114
¤Ú,c2115
®Ì,c2116
¤ê,c2117
¾ù,c2118
±¹,c2119
ÅÖ,c2120
·¾,c2121
·£,c2122
³u,c2123
Ãh,c2124
½¿,c2125
ÃË,c2126
¼¿,c2127
ÆI,c2128
¬ñ,c2129
¦M,c2130
¦Ò,c2131
¾ü,c2132
»Y,c2133
§ã,c2134
§},c2135
³×,c2136
¶ù,c2137
Â¼,c2138
¥ð,c2139
©U,c2140
Ä½,c2141
·É,c2142
Ãi,c2143
½N,c2144
°Ü,c2145
º¹,c2146
¬æ,c2147
¶ª,c2148
¥z,c2149
¤Ø,c2150
´A,c2151
±Ë,c2152
¤ï,c2153
©é,c2154
©­,c2155
¹Â,c2156
¾a,c2157
¯Ñ,c2158
¨J,c2159
¯Ì,c2160
±B,c2161
¹w,c2162
µû,c2163
¦O,c2164
¸Å,c2165
ºÙ,c2166
¾I,c2167
²ì,c2168
¾F,c2169
©N,c2170
°ì,c2171
¬g,c2172
ºõ,c2173
¥h,c2174
ªS,c2175
³Â,c2176
±@,c2177
ÁÅ,c2178
ºý,c2179
¼ø,c2180
¼Õ,c2181
¯í,c2182
¥W,c2183
¦Ö,c2184
¬r,c2185
§°,c2186
ÀK,c2187
ª­,c2188
Ãn,c2189
§¼,c2190
®ö,c2191
´÷,c2192
¯w,c2193
¿ç,c2194
ªê,c2195
§V,c2196
Äë,c2197
¿w,c2198
³È,c2199
¯·,c2200
Áê,c2201
ÂN,c2202
¿@,c2203
¸¨,c2204
ªú,c2205
¯x,c2206
½æ,c2207
º¼,c2208
¯j,c2209
ÁR,c2210
¥m,c2211
©V,c2212
¹ë,c2213
Åí,c2214
»P,c2215
´g,c2216
«d,c2217
¦S,c2218
»þ,c2219
ªÍ,c2220
²õ,c2221
°E,c2222
Å`,c2223
±ð,c2224
¹²,c2225
¨ö,c2226
¼À,c2227
Âf,c2228
ÂÈ,c2229
ÅL,c2230
¯ü,c2231
¥Ñ,c2232
§w,c2233
¬Ú,c2234
¨ð,c2235
¼`,c2236
¶e,c2237
°­,c2238
¸C,c2239
¯Í,c2240
»a,c2241
Âý,c2242
¨W,c2243
¶Á,c2244
«æ,c2245
ª°,c2246
¹ú,c2247
Âm,c2248
ÂI,c2249
½v,c2250
ÅÕ,c2251
¤R,c2252
½³,c2253
¾Ù,c2254
ºW,c2255
«½,c2256
«à,c2257
³Þ,c2258
²ü,c2259
³K,c2260
¦­,c2261
±C,c2262
ÁI,c2263
°Í,c2264
«x,c2265
§ü,c2266
­~,c2267
­Ñ,c2268
ÁÑ,c2269
¦ù,c2270
»^,c2271
ºù,c2272
Åo,c2273
À^,c2274
¼u,c2275
¤à,c2276
ÁG,c2277
·M,c2278
½ï,c2279
¾¥,c2280
©S,c2281
ÄO,c2282
ÅH,c2283
·Ò,c2284
®ª,c2285
¤n,c2286
¤â,c2287
Á@,c2288
Äy,c2289
°y,c2290
¦Þ,c2291
ÀP,c2292
µÄ,c2293
°I,c2294
Àº,c2295
¶¢,c2296
ª¢,c2297
Åõ,c2298
°C,c2299
¹º,c2300
Æx,c2301
·A,c2302
·Y,c2303
­\,c2304
´Î,c2305
«X,c2306
§ï,c2307
³h,c2308
¾Æ,c2309
ÁM,c2310
³Ï,c2311
Åq,c2312
¥w,c2313
¯Ü,c2314
ÁÜ,c2315
ÄÈ,c2316
¼È,c2317
­Ú,c2318
©ê,c2319
¿Ò,c2320
Áß,c2321
¹v,c2322
Â[,c2323
¯g,c2324
Å¤,c2325
ÃI,c2326
©Q,c2327
ÃÌ,c2328
¾Ò,c2329
¿K,c2330
µæ,c2331
­Ý,c2332
²æ,c2333
¹h,c2334
²¬,c2335
§X,c2336
¬],c2337
§a,c2338
Äu,c2339
­¢,c2340
ºf,c2341
¿Ç,c2342
Â°,c2343
©î,c2344
ºO,c2345
ÆZ,c2346
À½,c2347
³Ú,c2348
¦ø,c2349
³z,c2350
³Î,c2351
ªD,c2352
ÄH,c2353
¶´,c2354
ºò,c2355
¤ç,c2356
¯Ö,c2357
¦¹,c2358
ÂÙ,c2359
©I,c2360
¤V,c2361
¸~,c2362
¹ö,c2363
§­,c2364
¶Â,c2365
½c,c2366
½û,c2367
¸G,c2368
¾q,c2369
¸§,c2370
¨O,c2371
Æ~,c2372
¤Q,c2373
ºÎ,c2374
¨ý,c2375
»á,c2376
«ã,c2377
½s,c2378
®Ý,c2379
¥s,c2380
º÷,c2381
¨­,c2382
­ò,c2383
Àz,c2384
Àú,c2385
¶µ,c2386
±È,c2387
´¡,c2388
©«,c2389
«¾,c2390
Ã©,c2391
¹¬,c2392
§§,c2393
§¹,c2394
¶ä,c2395
·G,c2396
¼ã,c2397
¦y,c2398
¦m,c2399
½Ü,c2400
«y,c2401
§j,c2402
¦z,c2403
´é,c2404
§ò,c2405
²¦,c2406
­|,c2407
¾Ô,c2408
±w,c2409
³À,c2410
§Á,c2411
­þ,c2412
º»,c2413
·¥,c2414
¾ë,c2415
À÷,c2416
¨²,c2417
­y,c2418
¨I,c2419
¼â,c2420
ÄÊ,c2421
Åë,c2422
©T,c2423
ÁÖ,c2424
·î,c2425
ÄÂ,c2426
»e,c2427
­©,c2428
²s,c2429
Àw,c2430
ºD,c2431
½C,c2432
ªë,c2433
À[,c2434
ÆB,c2435
ÁÁ,c2436
»Ö,c2437
Àf,c2438
­Î,c2439
ÃÓ,c2440
Åä,c2441
¥R,c2442
ÄY,c2443
¼É,c2444
ªb,c2445
¶b,c2446
²ð,c2447
»V,c2448
®å,c2449
År,c2450
¸J,c2451
¦r,c2452
¸Õ,c2453
µµ,c2454
Àá,c2455
Äl,c2456
¯½,c2457
§h,c2458
±|,c2459
Àì,c2460
¿S,c2461
°é,c2462
ªÙ,c2463
¿M,c2464
¹l,c2465
Ãf,c2466
º[,c2467
Ã~,c2468
¬È,c2469
µu,c2470
­W,c2471
½î,c2472
Á¢,c2473
±_,c2474
°½,c2475
¬@,c2476
¬Ü,c2477
Âx,c2478
®§,c2479
¿Â,c2480
¥â,c2481
¸u,c2482
³¦,c2483
ÁO,c2484
Á±,c2485
¨×,c2486
¨b,c2487
¦¬,c2488
ÃÛ,c2489
¯N,c2490
¬Å,c2491
Æj,c2492
ÄZ,c2493
¤Ä,c2494
·ï,c2495
»Ì,c2496
¤ª,c2497
¸õ,c2498
­å,c2499
¶u,c2500
°i,c2501
Â÷,c2502
¤E,c2503
°o,c2504
ÂW,c2505
ÀZ,c2506
¦¤,c2507
ªC,c2508
Ãa,c2509
­Í,c2510
¦D,c2511
¾¼,c2512
¦·,c2513
¼¢,c2514
º¾,c2515
½M,c2516
¸Ú,c2517
±b,c2518
¸Ñ,c2519
½ø,c2520
¿Í,c2521
¹¿,c2522
´û,c2523
¯×,c2524
ÆH,c2525
Äå,c2526
¸K,c2527
Åî,c2528
º},c2529
«¼,c2530
°\,c2531
¼´,c2532
¥Ú,c2533
­m,c2534
¶þ,c2535
¨õ,c2536
¯¯,c2537
Äò,c2538
¸Â,c2539
·æ,c2540
³Q,c2541
³ä,c2542
Æl,c2543
¾ê,c2544
³æ,c2545
¼ù,c2546
¶@,c2547
§²,c2548
µÑ,c2549
¯r,c2550
¥y,c2551
Áæ,c2552
»»,c2553
¾Á,c2554
¹µ,c2555
¤z,c2556
®¡,c2557
´ü,c2558
±A,c2559
²Þ,c2560
¬Þ,c2561
¸Á,c2562
½º,c2563
»w,c2564
ªc,c2565
²¸,c2566
¹\,c2567
·¤,c2568
Ã¿,c2569
°Ú,c2570
¥³,c2571
ÄL,c2572
»ì,c2573
ÅJ,c2574
Áú,c2575
¥¤,c2576
´à,c2577
¬U,c2578
­e,c2579
Åk,c2580
°m,c2581
§Z,c2582
Áä,c2583
¥¼,c2584
¨Ï,c2585
½Ð,c2586
®|,c2587
¾l,c2588
½«,c2589
¾e,c2590
¨Ã,c2591
Ãx,c2592
­ó,c2593
¯º,c2594
¿x,c2595
¶H,c2596
±q,c2597
¶_,c2598
Ä«,c2599
¹Z,c2600
·C,c2601
°Ì,c2602
¥¬,c2603
¤ö,c2604
­D,c2605
Áü,c2606
«{,c2607
ºÌ,c2608
¼C,c2609
µS,c2610
¿é,c2611
®w,c2612
¸²,c2613
°ü,c2614
²½,c2615
¬Ô,c2616
ªÏ,c2617
¸k,c2618
Á[,c2619
§Í,c2620
·L,c2621
¥ö,c2622
§Ö,c2623
³³,c2624
¥ñ,c2625
«Q,c2626
¯ä,c2627
·},c2628
¿ò,c2629
¯Å,c2630
¹÷,c2631
¤±,c2632
¿V,c2633
§C,c2634
¤b,c2635
«ú,c2636
¹k,c2637
³ã,c2638
¾½,c2639
Â³,c2640
¤Î,c2641
ÃD,c2642
´`,c2643
²§,c2644
´×,c2645
®N,c2646
¬¯,c2647
¸H,c2648
³[,c2649
»º,c2650
§A,c2651
·Ø,c2652
¨ì,c2653
¼©,c2654
Ât,c2655
¿É,c2656
Åt,c2657
Ãä,c2658
½[,c2659
Åç,c2660
²i,c2661
µÛ,c2662
®á,c2663
ÄI,c2664
ÀÛ,c2665
À¢,c2666
ªî,c2667
¾N,c2668
±N,c2669
¶K,c2670
Àï,c2671
³X,c2672
·e,c2673
Äð,c2674
©ó,c2675
Åâ,c2676
®´,c2677
ºâ,c2678
´m,c2679
¹^,c2680
­ú,c2681
¯°,c2682
¬¥,c2683
¤v,c2684
µw,c2685
­Ô,c2686
¨a,c2687
ªR,c2688
±æ,c2689
«Z,c2690
ºø,c2691
³r,c2692
Ãï,c2693
Å¥,c2694
¯ò,c2695
À~,c2696
´k,c2697
´ý,c2698
½H,c2699
§æ,c2700
°h,c2701
Âc,c2702
¸¯,c2703
³ê,c2704
¼³,c2705
ÁC,c2706
¼^,c2707
¥J,c2708
¤y,c2709
¾Ñ,c2710
§Ì,c2711
¶¸,c2712
¹V,c2713
¸ô,c2714
ÀÝ,c2715
®M,c2716
°b,c2717
Äî,c2718
§Ð,c2719
®V,c2720
¯y,c2721
·µ,c2722
§µ,c2723
³´,c2724
¨£,c2725
½b,c2726
Á¥,c2727
ÄÞ,c2728
­ù,c2729
¼{,c2730
¶ñ,c2731
³¼,c2732
³Ò,c2733
ªý,c2734
¿â,c2735
§¨,c2736
®û,c2737
­r,c2738
Ã÷,c2739
¿´,c2740
©ì,c2741
¨L,c2742
ÃÜ,c2743
²Ý,c2744
²Ä,c2745
¸¸,c2746
»[,c2747
½X,c2748
¥ã,c2749
¬s,c2750
ÀY,c2751
Å¿,c2752
Än,c2753
§o,c2754
ÀÊ,c2755
ÄS,c2756
º¦,c2757
©@,c2758
Á®,c2759
¶d,c2760
©\,c2761
¯ú,c2762
Äs,c2763
Áâ,c2764
³I,c2765
¯¹,c2766
Á¡,c2767
¾¬,c2768
½W,c2769
¶ð,c2770
Å¾,c2771
¨e,c2772
®I,c2773
®µ,c2774
´U,c2775
¿ð,c2776
´²,c2777
±°,c2778
­À,c2779
ºc,c2780
·X,c2781
Åe,c2782
¦©,c2783
§ð,c2784
¿R,c2785
¤¡,c2786
ªÜ,c2787
·à,c2788
ÃZ,c2789
§M,c2790
´ê,c2791
¾í,c2792
´æ,c2793
¼U,c2794
±T,c2795
«Ö,c2796
¿D,c2797
¥A,c2798
ÃÉ,c2799
§Ñ,c2800
¶I,c2801
§ó,c2802
»t,c2803
§å,c2804
ºJ,c2805
©X,c2806
ªÌ,c2807
°G,c2808
¶r,c2809
©t,c2810
µö,c2811
µü,c2812
··,c2813
¥¹,c2814
¬É,c2815
«v,c2816
»ë,c2817
¨ß,c2818
Ãl,c2819
µ},c2820
­U,c2821
¯{,c2822
³},c2823
­Æ,c2824
¥¶,c2825
§W,c2826
¶J,c2827
­Ä,c2828
Åò,c2829
¥È,c2830
³÷,c2831
©Þ,c2832
ºÅ,c2833
ÂÜ,c2834
¨»,c2835
·Ö,c2836
¹j,c2837
¹É,c2838
²ª,c2839
¹ñ,c2840
Åð,c2841
«å,c2842
¼j,c2843
¾K,c2844
¹Ù,c2845
®º,c2846
¬ç,c2847
°ï,c2848
¤¦,c2849
®«,c2850
¤ä,c2851
»L,c2852
¯¶,c2853
«Ï,c2854
²û,c2855
°¿,c2856
ÅR,c2857
·¿,c2858
¸_,c2859
¦é,c2860
´y,c2861
«£,c2862
¦H,c2863
±{,c2864
»ø,c2865
¥ï,c2866
©û,c2867
¹Ë,c2868
®°,c2869
±},c2870
¸Ç,c2871
¤¿,c2872
­Ë,c2873
¨G,c2874
·k,c2875
²¶,c2876
¹i,c2877
ÅÆ,c2878
¹ø,c2879
¼|,c2880
Ä¾,c2881
¶ã,c2882
³í,c2883
¸ð,c2884
¦É,c2885
Áµ,c2886
©¢,c2887
ºy,c2888
¹¨,c2889
¯ë,c2890
¼Å,c2891
«¦,c2892
½T,c2893
¦Â,c2894
¸¦,c2895
¸I,c2896
ÁÛ,c2897
¶g,c2898
­Á,c2899
Ãì,c2900
¦û,c2901
¤²,c2902
®Õ,c2903
´ì,c2904
Áç,c2905
µc,c2906
»¤,c2907
¦«,c2908
´e,c2909
®Ä,c2910
¨m,c2911
¬q,c2912
¼è,c2913
©Y,c2914
ªß,c2915
Ã@,c2916
®y,c2917
Àm,c2918
¨¯,c2919
Áö,c2920
Ãú,c2921
·Ä,c2922
¶É,c2923
¶Ã,c2924
¾n,c2925
©o,c2926
¼¬,c2927
Ã²,c2928
Åû,c2929
ÀÈ,c2930
°Û,c2931
Å},c2932
±÷,c2933
ªØ,c2934
ªÈ,c2935
¼G,c2936
±G,c2937
»f,c2938
«Ü,c2939
ª¬,c2940
³S,c2941
¸°,c2942
½Á,c2943
¦»,c2944
°Æ,c2945
¹à,c2946
¿a,c2947
½u,c2948
°§,c2949
¦Í,c2950
®ê,c2951
¬é,c2952
½½,c2953
¶D,c2954
¥¾,c2955
ºË,c2956
¸p,c2957
¬^,c2958
¼f,c2959
®j,c2960
¸V,c2961
¶a,c2962
Ãd,c2963
¿è,c2964
·r,c2965
³Ø,c2966
ºR,c2967
¾Ã,c2968
ÁY,c2969
ºk,c2970
Äi,c2971
³U,c2972
ºu,c2973
©¹,c2974
ª¥,c2975
¿À,c2976
µM,c2977
¨u,c2978
Ãu,c2979
Âõ,c2980
¬½,c2981
¹§,c2982
¼P,c2983
±a,c2984
²_,c2985
¾d,c2986
Âì,c2987
¤¢,c2988
ÁT,c2989
¦i,c2990
ÀÜ,c2991
Ãp,c2992
Âþ,c2993
µT,c2994
©Ù,c2995
¨h,c2996
«ì,c2997
®ò,c2998
´â,c2999
Å¢,c3000
½è,c3001
µ\,c3002
¯`,c3003
±¨,c3004
°Ð,c3005
¹},c3006
¨±,c3007
ÀÄ,c3008
¼h,c3009
¾Ì,c3010
¿m,c3011
°@,c3012
½Ô,c3013
¤`,c3014
¬»,c3015
¾ñ,c3016
²¹,c3017
°P,c3018
­Ê,c3019
ÃJ,c3020
¥t,c3021
Át,c3022
§l,c3023
±Û,c3024
²Ñ,c3025
·[,c3026
»Þ,c3027
´ð,c3028
¼å,c3029
Äê,c3030
¶Ä,c3031
ÂÇ,c3032
¿e,c3033
·¼,c3034
«´,c3035
¦d,c3036
©È,c3037
Åü,c3038
Ák,c3039
¶s,c3040
ª\,c3041
®¨,c3042
²v,c3043
¸ö,c3044
¶Ò,c3045
»©,c3046
ªÐ,c3047
ºd,c3048
ºA,c3049
»í,c3050
¤Ö,c3051
¹­,c3052
©¶,c3053
­C,c3054
°A,c3055
ÁÓ,c3056
¯ï,c3057
©Ã,c3058
´ø,c3059
¶û,c3060
´»,c3061
µ¯,c3062
¬\,c3063
ÀÌ,c3064
´Ê,c3065
«_,c3066
µï,c3067
­X,c3068
À®,c3069
Åz,c3070
ÃÚ,c3071
«Ú,c3072
ªí,c3073
Àó,c3074
´S,c3075
¬Ì,c3076
«õ,c3077
¼×,c3078
ºw,c3079
µù,c3080
»°,c3081
«±,c3082
§Y,c3083
»ß,c3084
¿W,c3085
ÂÔ,c3086
¶Z,c3087
·B,c3088
±[,c3089
¦Á,c3090
Ãj,c3091
§à,c3092
º¿,c3093
Æ^,c3094
§L,c3095
¼ë,c3096
º`,c3097
¦q,c3098
©R,c3099
ÅË,c3100
½e,c3101
ÅF,c3102
¨´,c3103
»~,c3104
Å¨,c3105
Âó,c3106
²à,c3107
Ä¨,c3108
«r,c3109
§[,c3110
ÆV,c3111
¾Â,c3112
ÀÚ,c3113
«U,c3114
¥Ô,c3115
ªa,c3116
¤ø,c3117
¯|,c3118
¦í,c3119
·Ù,c3120
·ð,c3121
®[,c3122
¬ä,c3123
ÅÜ,c3124
·»,c3125
§Ã,c3126
±Ù,c3127
­Q,c3128
¾R,c3129
¿ô,c3130
³þ,c3131
²Ç,c3132
ÅÑ,c3133
¹Ú,c3134
¾c,c3135
Ã|,c3136
¶¹,c3137
®Î,c3138
ªw,c3139
¥a,c3140
¨Ì,c3141
®ó,c3142
¤N,c3143
¯Ï,c3144
ÅÄ,c3145
²{,c3146
¾t,c3147
ÀÁ,c3148
²B,c3149
Â¯,c3150
¯Ë,c3151
±³,c3152
¿f,c3153
Àý,c3154
¶w,c3155
Ät,c3156
¼Ç,c3157
²S,c3158
¹ß,c3159
¦Z,c3160
´ñ,c3161
¿ä,c3162
³Ã,c3163
¥X,c3164
Äv,c3165
§á,c3166
²À,c3167
ÂÒ,c3168
²`,c3169
©¥,c3170
¥å,c3171
µ¬,c3172
§`,c3173
¥Ì,c3174
¦c,c3175
µÊ,c3176
§´,c3177
ª»,c3178
ÀS,c3179
®Y,c3180
´¬,c3181
ÂÀ,c3182
²Y,c3183
¿¯,c3184
¿N,c3185
´á,c3186
Á¤,c3187
ÄÌ,c3188
°L,c3189
­c,c3190
¬[,c3191
²P,c3192
µ],c3193
¤Ç,c3194
¦Q,c3195
¾Í,c3196
¤r,c3197
À¨,c3198
¤©,c3199
°þ,c3200
»z,c3201
ÂQ,c3202
Å¬,c3203
ºÚ,c3204
¦Ø,c3205
Ã½,c3206
¥ª,c3207
§É,c3208
®í,c3209
²E,c3210
¾J,c3211
µU,c3212
°R,c3213
Ä®,c3214
­Ð,c3215
¯Ø,c3216
µî,c3217
§¥,c3218
·o,c3219
®Ò,c3220
Åy,c3221
°ô,c3222
¨·,c3223
¯d,c3224
Áë,c3225
Åb,c3226
²ô,c3227
»æ,c3228
¾S,c3229
»å,c3230
¾j,c3231
®¹,c3232
±h,c3233
¦J,c3234
®©,c3235
¦×,c3236
Á¶,c3237
¨y,c3238
ÃÝ,c3239
¸o,c3240
­Ï,c3241
Ân,c3242
ÄN,c3243
¦õ,c3244
¯X,c3245
¸¢,c3246
¦},c3247
¶ë,c3248
¸¾,c3249
¨ª,c3250
ÅÁ,c3251
®G,c3252
Æz,c3253
±c,c3254
©á,c3255
¶ò,c3256
¨Õ,c3257
¸¿,c3258
ºV,c3259
¬{,c3260
­Ø,c3261
Ã¡,c3262
¤J,c3263
ªt,c3264
¥¸,c3265
¥ä,c3266
ª®,c3267
ª¨,c3268
¯±,c3269
³a,c3270
´ª,c3271
¬V,c3272
«¤,c3273
«|,c3274
²Z,c3275
µ¶,c3276
º´,c3277
¿U,c3278
µz,c3279
¨P,c3280
ªÆ,c3281
Äo,c3282
»B,c3283
¤^,c3284
³F,c3285
»¢,c3286
ÀÞ,c3287
¹Õ,c3288
¼é,c3289
ªp,c3290
¯k,c3291
¾´,c3292
Ã^,c3293
­¶,c3294
Âµ,c3295
¸x,c3296
­¡,c3297
²ñ,c3298
¹K,c3299
¯û,c3300
ªH,c3301
¤Ê,c3302
°Ô,c3303
·û,c3304
²@,c3305
²¼,c3306
¼o,c3307
µÉ,c3308
¿Å,c3309
¿ß,c3310
ÅÌ,c3311
¸Ò,c3312
¿ü,c3313
±ø,c3314
¿¬,c3315
¼à,c3316
°{,c3317
¬Y,c3318
°´,c3319
Ãq,c3320
¾],c3321
¿È,c3322
¨C,c3323
»D,c3324
¼r,c3325
±£,c3326
§T,c3327
«Ù,c3328
¹ª,c3329
ªÔ,c3330
»q,c3331
­ø,c3332
¦ß,c3333
´T,c3334
À¡,c3335
©¬,c3336
©Ö,c3337
¿Æ,c3338
Á»,c3339
®P,c3340
·l,c3341
¸Í,c3342
¦þ,c3343
ÁÀ,c3344
ÁN,c3345
¹¼,c3346
²¥,c3347
³~,c3348
©p,c3349
´s,c3350
º£,c3351
°Ò,c3352
¯T,c3353
®n,c3354
µì,c3355
¥E,c3356
·T,c3357
´¢,c3358
®¯,c3359
¼¾,c3360
²ß,c3361
ºÒ,c3362
·­,c3363
ÂÓ,c3364
Âô,c3365
»ç,c3366
©½,c3367
»Ó,c3368
­æ,c3369
®Q,c3370
¼º,c3371
Áã,c3372
©q,c3373
»è,c3374
«÷,c3375
³H,c3376
ÆR,c3377
Ä»,c3378
²°,c3379
¼°,c3380
¿Ý,c3381
¿¼,c3382
´±,c3383
©j,c3384
¿¸,c3385
§¬,c3386
³ç,c3387
¸ü,c3388
±ª,c3389
¦¯,c3390
µ¡,c3391
»Ô,c3392
Àq,c3393
¹z,c3394
Ãs,c3395
¥Þ,c3396
½ì,c3397
³t,c3398
¾É,c3399
°±,c3400
¼Y,c3401
½D,c3402
®¢,c3403
ÁÎ,c3404
·Q,c3405
©Ü,c3406
¬t,c3407
»Z,c3408
¸ó,c3409
§Ç,c3410
·Ð,c3411
·è,c3412
®L,c3413
¬û,c3414
­K,c3415
§ç,c3416
¨ü,c3417
«ü,c3418
¤],c3419
º¤,c3420
¼²,c3421
¿°,c3422
«V,c3423
Àk,c3424
Æ@,c3425
ºÄ,c3426
Ác,c3427
ºh,c3428
ªd,c3429
©õ,c3430
ºÊ,c3431
ºî,c3432
ªª,c3433
¤f,c3434
½ò,c3435
«×,c3436
¯Þ,c3437
±n,c3438
ÃÑ,c3439
´ù,c3440
¶ç,c3441
ºó,c3442
³ö,c3443
¤Ã,c3444
¼¨,c3445
¯ì,c3446
¦ê,c3447
½Ò,c3448
¬â,c3449
¯ô,c3450
°³,c3451
¹ì,c3452
§Ë,c3453
¨Ò,c3454
¸M,c3455
¶C,c3456
½O,c3457
¿L,c3458
²ç,c3459
¸m,c3460
ÂÚ,c3461
±Ý,c3462
½K,c3463
ÃÇ,c3464
©i,c3465
µy,c3466
¸ë,c3467
¥Å,c3468
ÁÉ,c3469
¿F,c3470
Ån,c3471
©¼,c3472
À¿,c3473
Ä²,c3474
·¢,c3475
½E,c3476
²W,c3477
¿£,c3478
±Ã,c3479
¦v,c3480
²|,c3481
©º,c3482
»`,c3483
ÄE,c3484
²î,c3485
·Î,c3486
³©,c3487
µÆ,c3488
¾b,c3489
ºP,c3490
­R,c3491
¾ß,c3492
µ«,c3493
¨¸,c3494
«Á,c3495
«S,c3496
½¥,c3497
¯å,c3498
¦b,c3499
¹þ,c3500
»¥,c3501
¼Z,c3502
ªe,c3503
¬Ö,c3504
»],c3505
¬è,c3506
±±,c3507
µQ,c3508
½¸,c3509
¸Z,c3510
¤ò,c3511
°Õ,c3512
ÅÚ,c3513
¥H,c3514
§¾,c3515
°î,c3516
¦g,c3517
§³,c3518
Àí,c3519
¶Æ,c3520
ÃÂ,c3521
Â»,c3522
±F,c3523
¬e,c3524
­í,c3525
©G,c3526
¥^,c3527
Å±,c3528
­ï,c3529
®_,c3530
®Ü,c3531
­v,c3532
¸é,c3533
¬Ä,c3534
ÂH,c3535
¶L,c3536
Ál,c3537
»®,c3538
²ä,c3539
¬C,c3540
³O,c3541
Áà,c3542
¸ª,c3543
½ê,c3544
¾Ø,c3545
¿T,c3546
¦£,c3547
ªò,c3548
¥Ê,c3549
±¤,c3550
¬~,c3551
¸÷,c3552
ªs,c3553
¿h,c3554
¼X,c3555
²´,c3556
Ä},c3557
ÆT,c3558
Àê,c3559
¾Ý,c3560
¿Ù,c3561
¦á,c3562
©®,c3563
¼¤,c3564
Åp,c3565
¼O,c3566
©°,c3567
²Æ,c3568
­ê,c3569
¯R,c3570
»¶,c3571
À`,c3572
ÁZ,c3573
ÅY,c3574
³é,c3575
¤Ò,c3576
»G,c3577
µl,c3578
´Ï,c3579
°å,c3580
¶ß,c3581
¬b,c3582
¿q,c3583
¾Ú,c3584
Ã¸,c3585
¬Æ,c3586
Ä³,c3587
¹®,c3588
°f,c3589
Å\,c3590
·@,c3591
·P,c3592
¥e,c3593
³Û,c3594
»r,c3595
¸«,c3596
­Ö,c3597
¯é,c3598
´Ì,c3599
¬³,c3600
ªÕ,c3601
¬Ç,c3602
¦Î,c3603
¬ð,c3604
¦²,c3605
±­,c3606
¹¾,c3607
Àg,c3608
ÄT,c3609
½P,c3610
¬H,c3611
ºG,c3612
¸i,c3613
¯÷,c3614
ÄÙ,c3615
¹Þ,c3616
·º,c3617
»Ë,c3618
®»,c3619
´¥,c3620
½d,c3621
³î,c3622
½~,c3623
¼T,c3624
¸ú,c3625
¯p,c3626
Áå,c3627
³¶,c3628
·d,c3629
ºº,c3630
½m,c3631
Ã±,c3632
¾»,c3633
±ì,c3634
­è,c3635
ÀÇ,c3636
¶Ü,c3637
«b,c3638
®O,c3639
¸×,c3640
±¿,c3641
ªÇ,c3642
Ãg,c3643
ªT,c3644
±L,c3645
³b,c3646
ÂØ,c3647
±~,c3648
»ã,c3649
«µ,c3650
¹í,c3651
Ã´,c3652
ÆO,c3653
­Þ,c3654
»j,c3655
°p,c3656
Àë,c3657
·J,c3658
¾ó,c3659
·ª,c3660
À¬,c3661
¤m,c3662
§],c3663
¥é,c3664
­a,c3665
®Ù,c3666
Åu,c3667
½ë,c3668
§^,c3669
ÁJ,c3670
ÄX,c3671
µV,c3672
¼¯,c3673
°K,c3674
ÀË,c3675
½Ï,c3676
»ú,c3677
µf,c3678
Äû,c3679
½Ö,c3680
µê,c3681
®¾,c3682
¼ô,c3683
©¤,c3684
¦µ,c3685
¬²,c3686
»â,c3687
¦´,c3688
¯Ã,c3689
¤A,c3690
´q,c3691
Àx,c3692
Àd,c3693
Â¢,c3694
Æ{,c3695
¬ß,c3696
­G,c3697
­î,c3698
°x,c3699
«e,c3700
ºs,c3701
½§,c3702
²ï,c3703
¼Ð,c3704
¬Z,c3705
Âç,c3706
¬´,c3707
¶`,c3708
Æf,c3709
»Q,c3710
³g,c3711
¯á,c3712
¥p,c3713
ÃE,c3714
±ó,c3715
¬¸,c3716
¹Ê,c3717
·®,c3718
¬ø,c3719
³d,c3720
ªÁ,c3721
¸¼,c3722
Áñ,c3723
¬J,c3724
®à,c3725
®Ô,c3726
¥d,c3727
½¤,c3728
²ù,c3729
·«,c3730
¨Ð,c3731
Å²,c3732
¬ê,c3733
Á¸,c3734
Åµ,c3735
Ãü,c3736
Æq,c3737
¤X,c3738
´Õ,c3739
¶^,c3740
©µ,c3741
«Ó,c3742
©k,c3743
»¹,c3744
ÀØ,c3745
¨R,c3746
¥ë,c3747
Ãã,c3748
´r,c3749
¥µ,c3750
©¡,c3751
¹S,c3752
¼æ,c3753
¯B,c3754
·Ñ,c3755
Åß,c3756
§¶,c3757
«î,c3758
«û,c3759
¸`,c3760
¹¸,c3761
¸B,c3762
µ÷,c3763
©L,c3764
±Ú,c3765
ÄÑ,c3766
¸T,c3767
¯M,c3768
®±,c3769
¥Ï,c3770
²],c3771
¯ð,c3772
©Ä,c3773
»³,c3774
¾¾,c3775
©O,c3776
¾Ü,c3777
§ô,c3778
°»,c3779
ªE,c3780
³x,c3781
°º,c3782
¦k,c3783
¼Ò,c3784
Á³,c3785
¨Ö,c3786
»Ç,c3787
ÅN,c3788
À¼,c3789
Àc,c3790
µH,c3791
Àp,c3792
Ä¼,c3793
´[,c3794
ÅX,c3795
º^,c3796
¸r,c3797
§S,c3798
¹O,c3799
ÆC,c3800
·m,c3801
¾A,c3802
¬T,c3803
±ß,c3804
«á,c3805
Áì,c3806
¼W,c3807
·Ã,c3808
¦ä,c3809
½S,c3810
¨á,c3811
¨g,c3812
Ä÷,c3813
¹Á,c3814
³½,c3815
¤w,c3816
Ã¯,c3817
À¤,c3818
¯ß,c3819
ªÓ,c3820
¼¥,c3821
½r,c3822
¸@,c3823
Åæ,c3824
¯Ý,c3825
ÀN,c3826
Äµ,c3827
©¦,c3828
´b,c3829
¾¸,c3830
¸¡,c3831
½h,c3832
µí,c3833
«è,c3834
ÄÃ,c3835
»o,c3836
ÁÞ,c3837
Ä©,c3838
µ¿,c3839
°Å,c3840
²j,c3841
²Ô,c3842
¾Q,c3843
Á¦,c3844
ÁU,c3845
¤í,c3846
«Ë,c3847
²c,c3848
Ås,c3849
¦¥,c3850
»n,c3851
±»,c3852
§ª,c3853
¤Ý,c3854
¿ï,c3855
»@,c3856
¿æ,c3857
Ä¡,c3858
§c,c3859
²Ò,c3860
§~,c3861
³^,c3862
À°,c3863
·³,c3864
²¿,c3865
Åa,c3866
°Ö,c3867
¦l,c3868
²w,c3869
¹é,c3870
¸[,c3871
¸»,c3872
Ä¯,c3873
¼¶,c3874
Âè,c3875
°¾,c3876
½Ø,c3877
¼ß,c3878
«E,c3879
Æ`,c3880
«},c3881
±Ï,c3882
¿B,c3883
¼ý,c3884
ºÜ,c3885
·ý,c3886
«Ä,c3887
·Z,c3888
¤Ï,c3889
Ãw,c3890
½®,c3891
²L,c3892
¹_,c3893
±ï,c3894
·Õ,c3895
Åì,c3896
¦U,c3897
Á¬,c3898
¨Ñ,c3899
¤×,c3900
µª,c3901
±Â,c3902
©d,c3903
¦Ù,c3904
´a,c3905
Â¸,c3906
¬¿,c3907
ÄM,c3908
¤P,c3909
Æy,c3910
·K,c3911
½],c3912
¦Y,c3913
±í,c3914
¹u,c3915
°ø,c3916
°Ç,c3917
ª×,c3918
¯õ,c3919
¿ã,c3920
Áó,c3921
·Æ,c3922
¿g,c3923
°¯,c3924
´],c3925
­ã,c3926
§¢,c3927
ÀÅ,c3928
Àü,c3929
ÅI,c3930
Äö,c3931
¶Ø,c3932
²¤,c3933
µ±,c3934
³±,c3935
­²,c3936
©Â,c3937
§Ò,c3938
½Æ,c3939
±y,c3940
Å³,c3941
¿Ï,c3942
±H,c3943
»F,c3944
°ú,c3945
´n,c3946
®Á,c3947
®é,c3948
©·,c3949
¦Ó,c3950
²µ,c3951
¿Ø,c3952
¨M,c3953
©],c3954
²Á,c3955
À­,c3956
½°,c3957
³E,c3958
©h,c3959
¯Ô,c3960
°Ñ,c3961
¨Q,c3962
¨V,c3963
ÄC,c3964
³ò,c3965
­H,c3966
·ã,c3967
·w,c3968
ÁL,c3969
½â,c3970
¬o,c3971
ºj,c3972
¥\,c3973
¶º,c3974
¿X,c3975
¨v,c3976
¼d,c3977
ºQ,c3978
¸ï,c3979
Är,c3980
¶ô,c3981
ÀT,c3982
­ä,c3983
¿s,c3984
§¡,c3985
¼N,c3986
¬Ñ,c3987
¼H,c3988
¾p,c3989
ÆJ,c3990
»J,c3991
¯»,c3992
Á«,c3993
³ü,c3994
¨Ù,c3995
¿º,c3996
·Ê,c3997
»K,c3998
¼¼,c3999
©{,c4000
Â®,c4001
¥Ö,c4002
«c,c4003
Äª,c4004
½`,c4005
ºq,c4006
µ¨,c4007
¨Ü,c4008
·²,c4009
±k,c4010
ºê,c4011
°£,c4012
®r,c4013
³¤,c4014
±P,c4015
ÂÂ,c4016
·Ý,c4017
²^,c4018
¨j,c4019
¥Z,c4020
²ý,c4021
¶c,c4022
¾v,c4023
Ám,c4024
¦[,c4025
ºt,c4026
²},c4027
ÆL,c4028
ÂT,c4029
º¯,c4030
§y,c4031
¦o,c4032
±E,c4033
´È,c4034
ÄÜ,c4035
¬×,c4036
¨Í,c4037
·Ç,c4038
»ê,c4039
¾{,c4040
·Þ,c4041
¿z,c4042
Âl,c4043
®~,c4044
¥r,c4045
µþ,c4046
¥U,c4047
¿u,c4048
½q,c4049
´À,c4050
ÂA,c4051
±r,c4052
­E,c4053
Ãù,c4054
¬£,c4055
½¹,c4056
Å~,c4057
¸|,c4058
¯v,c4059
ÅÊ,c4060
²Ü,c4061
±Ô,c4062
½^,c4063
µr,c4064
¹Y,c4065
·g,c4066
Âa,c4067
Âæ,c4068
³Ý,c4069
½x,c4070
·ß,c4071
¸É,c4072
µõ,c4073
²×,c4074
Â},c4075
¯l,c4076
¥Æ,c4077
¹|,c4078
ÅÀ,c4079
ÃL,c4080
»R,c4081
ÀG,c4082
¾Å,c4083
À£,c4084
±U,c4085
ªO,c4086
¨É,c4087
´i,c4088
¯f,c4089
ª],c4090
ªi,c4091
¯P,c4092
ÀU,c4093
¹û,c4094
¸ß,c4095
»÷,c4096
ªx,c4097
Ã·,c4098
¸È,c4099
±V,c4100
Àè,c4101
µj,c4102
ÁÔ,c4103
Àà,c4104
²U,c4105
ÃÙ,c4106
©Õ,c4107
½G,c4108
§q,c4109
Ã[,c4110
¿ø,c4111
¤¾,c4112
»N,c4113
¨æ,c4114
µ¹,c4115
¾Ä,c4116
­[,c4117
¤÷,c4118
­¼,c4119
½ä,c4120
¹~,c4121
Åª,c4122
­ª,c4123
Â¤,c4124
§p,c4125
¤î,c4126
¨â,c4127
¬p,c4128
Á|,c4129
²a,c4130
À§,c4131
ÁH,c4132
·h,c4133
µ[,c4134
°×,c4135
¸w,c4136
Æe,c4137
¸z,c4138
²N,c4139
½à,c4140
»Ä,c4141
¿^,c4142
°J,c4143
Âg,c4144
³Ì,c4145
ªq,c4146
¯z,c4147
±®,c4148
­w,c4149
Ãß,c4150
ÁÒ,c4151
±¥,c4152
´L,c4153
³e,c4154
¼«,c4155
¥õ,c4156
ÀÔ,c4157
±Ç,c4158
«ï,c4159
²å,c4160
¸X,c4161
§m,c4162
±ú,c4163
¯W,c4164
·`,c4165
¥´,c4166
µÚ,c4167
Åx,c4168
·S,c4169
·ä,c4170
ÁÆ,c4171
ºz,c4172
­¿,c4173
´K,c4174
­®,c4175
¿÷,c4176
§«,c4177
°S,c4178
³T,c4179
ÁÝ,c4180
Äq,c4181
¦¢,c4182
¸h,c4183
Á¿,c4184
¼a,c4185
®T,c4186
¹î,c4187
Ã«,c4188
ÃH,c4189
³Ñ,c4190
®þ,c4191
Ä¦,c4192
µÜ,c4193
»i,c4194
º­,c4195
¿þ,c4196
®U,c4197
±z,c4198
°g,c4199
¦È,c4200
¨_,c4201
ÄÇ,c4202
§Ô,c4203
´Ô,c4204
µà,c4205
Æt,c4206
­¬,c4207
Áð,c4208
®÷,c4209
­Å,c4210
°Ø,c4211
²u,c4212
´d,c4213
¼¸,c4214
Åw,c4215
³¬,c4216
ªr,c4217
¤Õ,c4218
¤³,c4219
µ³,c4220
³Ô,c4221
­l,c4222
¥V,c4223
©â,c4224
¶~,c4225
¿µ,c4226
Á\,c4227
ÅÒ,c4228
Âé,c4229
°¡,c4230
¨s,c4231
¾æ,c4232
ÃÆ,c4233
º§,c4234
ºI,c4235
¸½,c4236
©Ê,c4237
¯©,c4238
²Å,c4239
¼µ,c4240
ÅÞ,c4241
±²,c4242
¹E,c4243
¨÷,c4244
©A,c4245
¥ó,c4246
¼Ô,c4247
««,c4248
¦Ú,c4249
°t,c4250
ª¤,c4251
ºÈ,c4252
¾ý,c4253
½Ç,c4254
¤G,c4255
§ú,c4256
¿Á,c4257
·x,c4258
ªj,c4259
Äf,c4260
¶],c4261
°µ,c4262
¯t,c4263
«Ñ,c4264
¸·,c4265
Á½,c4266
Á],c4267
¥v,c4268
­N,c4269
¬Ý,c4270
²¡,c4271
¬í,c4272
¹P,c4273
ª¿,c4274
¨n,c4275
ªu,c4276
¯a,c4277
Á×,c4278
ªð,c4279
¾E,c4280
Â],c4281
­d,c4282
Ä[,c4283
ª©,c4284
±Y,c4285
¿î,c4286
»C,c4287
¶·,c4288
½¡,c4289
ÅD,c4290
¾¦,c4291
ÃÍ,c4292
¶Ó,c4293
°F,c4294
¤\,c4295
§£,c4296
¨ú,c4297
½ú,c4298
«ý,c4299
Ä¥,c4300
¨U,c4301
Á¯,c4302
Ãô,c4303
¾L,c4304
®ä,c4305
°j,c4306
Æa,c4307
ºÛ,c4308
Å¸,c4309
¾|,c4310
¹±,c4311
°Ë,c4312
«j,c4313
§F,c4314
´ë,c4315
Â~,c4316
²ö,c4317
Àn,c4318
Áz,c4319
Á·,c4320
´Ç,c4321
®£,c4322
¶p,c4323
¨Á,c4324
½©,c4325
Äm,c4326
®d,c4327
«f,c4328
¶Ù,c4329
°¢,c4330
©ß,c4331
ÀV,c4332
«o,c4333
´Ð,c4334
¿t,c4335
¦å,c4336
À},c4337
Âb,c4338
´ä,c4339
²q,c4340
¶ó,c4341
µJ,c4342
ÁW,c4343
´Þ,c4344
¬á,c4345
µ§,c4346
Àð,c4347
¹¥,c4348
»À,c4349
ÆY,c4350
±¼,c4351
ÄÔ,c4352
²¾,c4353
¤},c4354
²d,c4355
¿ö,c4356
¼»,c4357
ÁF,c4358
´Æ,c4359
²x,c4360
¤Â,c4361
¼·,c4362
Ãt,c4363
³¥,c4364
´Ò,c4365
±Á,c4366
§Ù,c4367
®ú,c4368
·Ï,c4369
¦Ñ,c4370
«\,c4371
¥Y,c4372
²É,c4373
¶Û,c4374
¦î,c4375
«L,c4376
²ó,c4377
°Â,c4378
¯­,c4379
¾£,c4380
¶ü,c4381
¼x,c4382
­´,c4383
¸d,c4384
°É,c4385
¾[,c4386
´j,c4387
¿å,c4388
¯¼,c4389
±Î,c4390
°«,c4391
­V,c4392
¥¦,c4393
¦¼,c4394
¼ú,c4395
ºv,c4396
»d,c4397
­Ì,c4398
§|,c4399
²T,c4400
ÂY,c4401
¾r,c4402
®Ó,c4403
³W,c4404
¦ª,c4405
®Ø,c4406
©Û,c4407
º¥,c4408
­ß,c4409
¨f,c4410
¦C,c4411
¦T,c4412
ºF,c4413
¿¢,c4414
Å§,c4415
´Å,c4416
¼I,c4417
¿¡,c4418
¾·,c4419
¨À,c4420
¯¢,c4421
³Ù,c4422
Å¶,c4423
¶x,c4424
³á,c4425
«Õ,c4426
¸Ì,c4427
¨û,c4428
¿],c4429
¼ì,c4430
³L,c4431
³£,c4432
¼±,c4433
·ü,c4434
¯Ä,c4435
Ã»,c4436
¬Q,c4437
²ê,c4438
«ç,c4439
¾®,c4440
¹x,c4441
½},c4442
¿d,c4443
¥è,c4444
¨¤,c4445
ÅÝ,c4446
¼Í,c4447
¯b,c4448
«Ã,c4449
¾m,c4450
§Û,c4451
²Ê,c4452
´{,c4453
«R,c4454
Åº,c4455
¬},c4456
±ô,c4457
ªÊ,c4458
´w,c4459
¥F,c4460
µe,c4461
¸W,c4462
¼ê,c4463
Ãµ,c4464
¾ö,c4465
Áï,c4466
´¦,c4467
ºÏ,c4468
¦ñ,c4469
·Á,c4470
À¾,c4471
·¹,c4472
±e,c4473
ª¦,c4474
Ãz,c4475
¨Ë,c4476
Ãû,c4477
Åó,c4478
¦A,c4479
±x,c4480
·V,c4481
©æ,c4482
¶|,c4483
³Á,c4484
·ê,c4485
®ý,c4486
¦ý,c4487
¨ç,c4488
´M,c4489
¾z,c4490
«z,c4491
¾³,c4492
Á¹,c4493
·I,c4494
±O,c4495
±Ü,c4496
¶¡,c4497
Äï,c4498
´X,c4499
¥²,c4500
»{,c4501
µÈ,c4502
«Ì,c4503
¶Ë,c4504
¯¨,c4505
«ô,c4506
©F,c4507
¯¿,c4508
»ò,c4509
«W,c4510
±I,c4511
´P,c4512
½l,c4513
¾V,c4514
¾¢,c4515
³­,c4516
¼ç,c4517
±õ,c4518
¥L,c4519
­°,c4520
¿»,c4521
³Ê,c4522
±å,c4523
»u,c4524
·é,c4525
½Î,c4526
Äb,c4527
Ã{,c4528
­¾,c4529
°¼,c4530
ÅÙ,c4531
ºr,c4532
½Ñ,c4533
¾O,c4534
¨Ä,c4535
Àù,c4536
¥|,c4537
¼¹,c4538
­A,c4539
Àb,c4540
Â±,c4541
ÀH,c4542
¨þ,c4543
©Z,c4544
³m,c4545
ÂÐ,c4546
¹Æ,c4547
©C,c4548
´h,c4549
Â¿,c4550
Àû,c4551
¸¹,c4552
¶Í,c4553
¦ò,c4554
·â,c4555
®l,c4556
²G,c4557
·a,c4558
ÁÃ,c4559
¬|,c4560
»à,c4561
·\,c4562
½»,c4563
±½,c4564
ª¶,c4565
Â©,c4566
·á,c4567
³G,c4568
½Ó,c4569
¬c,c4570
¬N,c4571
Ãe,c4572
º«,c4573
¶å,c4574
Åø,c4575
±î,c4576
ÀÉ,c4577
¾¯,c4578
­Ç,c4579
°©,c4580
ºp,c4581
³º,c4582
º²,c4583
«é,c4584
Æg,c4585
ºä,c4586
¸á,c4587
»±,c4588
¾M,c4589
ÆQ,c4590
¾¶,c4591
´O,c4592
µÂ,c4593
ÀF,c4594
¤Ì,c4595
¸],c4596
º¬,c4597
§Ú,c4598
³å,c4599
²D,c4600
¾C,c4601
¶M,c4602
»\,c4603
Å­,c4604
ÂÆ,c4605
ÀJ,c4606
¶ï,c4607
ºY,c4608
´Í,c4609
Ã¶,c4610
­à,c4611
½Í,c4612
¥Ò,c4613
»Ò,c4614
¹J,c4615
¿í,c4616
Ãb,c4617
´l,c4618
ÂÑ,c4619
²R,c4620
¯®,c4621
Åú,c4622
Àµ,c4623
Å½,c4624
ÀÆ,c4625
ºª,c4626
«Æ,c4627
·ú,c4628
ÁÈ,c4629
±É,c4630
¬¼,c4631
¤F,c4632
¼g,c4633
©ã,c4634
«[,c4635
±Í,c4636
ÅC,c4637
©»,c4638
Àæ,c4639
®¤,c4640
ªº,c4641
§t,c4642
«»,c4643
ºÆ,c4644
¤x,c4645
¤L,c4646
¸Þ,c4647
½ª,c4648
±¾,c4649
Ä´,c4650
µR,c4651
¹ã,c4652
¹ð,c4653
Âß,c4654
¾D,c4655
¨è,c4656
²¢,c4657
¨µ,c4658
½¼,c4659
¸y,c4660
Åà,c4661
¯ó,c4662
ºµ,c4663
¿¹,c4664
¾ª,c4665
ºB,c4666
¯Ê,c4667
¯Æ,c4668
Àñ,c4669
§P,c4670
Àj,c4671
§Ü,c4672
¾u,c4673
ÁS,c4674
¾\,c4675
©ë,c4676
¼Ñ,c4677
­ö,c4678
©å,c4679
µÃ,c4680
»û,c4681
¯A,c4682
¨S,c4683
·ó,c4684
¨w,c4685
»²,c4686
½¯,c4687
ÄF,c4688
®½,c4689
´Ý,c4690
¶Þ,c4691
§\,c4692
°ã,c4693
²Ã,c4694
Ã¥,c4695
Äæ,c4696
ÂÄ,c4697
¼®,c4698
¾o,c4699
©^,c4700
³j,c4701
´u,c4702
½a,c4703
ºá,c4704
¤S,c4705
Áq,c4706
¨E,c4707
¹r,c4708
´©,c4709
ªÞ,c4710
¤«,c4711
¯ª,c4712
¶l,c4713
§í,c4714
¥T,c4715
±ë,c4716
¶[,c4717
²V,c4718
ÆS,c4719
¯´,c4720
Åg,c4721
©í,c4722
±Ñ,c4723
ªÝ,c4724
Å|,c4725
ªÉ,c4726
¬¤,c4727
¯Q,c4728
®²,c4729
¥k,c4730
¥Ù,c4731
¶¨,c4732
«I,c4733
ºß,c4734
¥¥,c4735
¥B,c4736
¨ø,c4737
Ãé,c4738
¾¨,c4739
´ó,c4740
³R,c4741
»ü,c4742
¤ã,c4743
¦`,c4744
µÒ,c4745
°_,c4746
¾Þ,c4747
¼û,c4748
¬D,c4749
©B,c4750
ª½,c4751
¸Ø,c4752
Á£,c4753
Á°,c4754
ºå,c4755
¯s,c4756
ºí,c4757
®¥,c4758
¿Y,c4759
ÃG,c4760
º],c4761
¿},c4762
¼½,c4763
´B,c4764
¤e,c4765
°e,c4766
¿Ô,c4767
º³,c4768
Âê,c4769
µd,c4770
µx,c4771
±Z,c4772
¾×,c4773
¨z,c4774
ÄV,c4775
­ü,c4776
¸{,c4777
³k,c4778
µK,c4779
³P,c4780
ÁV,c4781
ºï,c4782
¥O,c4783
¯Á,c4784
­ô,c4785
±p,c4786
Áx,c4787
¥M,c4788
­¥,c4789
Åh,c4790
¶à,c4791
¾Û,c4792
­Ò,c4793
¶«,c4794
¨d,c4795
¦^,c4796
½f,c4797
ÁE,c4798
«F,c4799
ªJ,c4800
­{,c4801
»ù,c4802
¹T,c4803
²á,c4804
¨D,c4805
Å_,c4806
ªn,c4807
©E,c4808
Àr,c4809
¯Ù,c4810
Äg,c4811
Áù,c4812
Áa,c4813
¹U,c4814
ª£,c4815
ºZ,c4816
ªà,c4817
§R,c4818
¶±,c4819
²ë,c4820
©n,c4821
¨ï,c4822
Àò,c4823
¿Ã,c4824
¹Ü,c4825
©Ú,c4826
»p,c4827
·¬,c4828
¹â,c4829
®k,c4830
®¬,c4831
¯e,c4832
Áu,c4833
¯¬,c4834
³|,c4835
Æ\,c4836
¨B,c4837
Ã¤,c4838
Æn,c4839
ÁÏ,c801
µÇ,c802
¾Ó,c803
³c,c804
«Ê,c805
¹ò,c806
µä,c807
¤Þ,c808
«P,c809
¸N,c810
¤ð,c811
ÆK,c812
ªM,c813
³¾,c814
ÃÔ,c815
¯æ,c816
±â,c817
»É,c818
ÃÈ,c819
´õ,c820
²·,c821
¤Ü,c822
¯},c823
¾i,c824
¯¦,c825
ª^,c826
¤¼,c827
ªI,c828
Å[,c829
Å·,c830
Âú,c831
±¡,c832
°Î,c833
½ã,c834
¦ü,c835
¬¹,c836
¥á,c837
À´,c838
·þ,c839
µk,c840
¸¥,c841
ÀL,c842
±à,c843
¶â,c844
»é,c845
¶¤,c846
°â,c847
©Î,c848
¾á,c849
«ê,c850
¨ù,c851
®q,c852
¹Ä,c853
¾þ,c854
¥×,c855
¿×,c856
»ä,c857
µI,c858
¶Ñ,c859
µW,c860
¿y,c861
Áè,c862
ÄÄ,c863
¿Ð,c864
µA,c865
®J,c866
¾ä,c867
»Õ,c868
½Ì,c869
Â·,c870
©×,c871
ºK,c872
Ä­,c873
¿ñ,c874
²Ï,c875
«¬,c876
Ão,c877
¿ù,c878
°V,c879
¸E,c880
°²,c881
¨~,c882
§â,c883
Äé,c884
¯Ú,c885
Áò,c886
¶¿,c887
¾U,c888
³Y,c889
µ¢,c890
¹³,c891
ÂÁ,c892
³J,c893
³_,c894
¼Î,c895
¸n,c896
¶½,c897
«¿,c898
¹Ô,c899
®·,c900
¥Ü,c901
§è,c902
¹Ý,c903
¸è,c904
¹I,c905
ª`,c906
¤»,c907
¦ú,c908
Ãñ,c909
®{,c910
¿i,c911
Àe,c912
µý,c913
°Ä,c914
°d,c915
±þ,c916
¾î,c917
µð,c918
¬å,c919
ª²,c920
©l,c921
®×,c922
Åù,c923
°ß,c924
¯¸,c925
«Þ,c926
±D,c927
Äz,c928
¼Ï,c929
ÃÐ,c930
©m,c931
¾õ,c932
¤õ,c933
©Æ,c934
¶Ý,c935
·¸,c936
¿Ë,c937
ÄU,c938
¿á,c939
¯Ç,c940
½|,c941
¹£,c942
µP,c943
¨r,c944
«·,c945
¶Ð,c946
·å,c947
´í,c948
Ár,c949
Ãm,c950
ÃM,c951
»U,c952
­Â,c953
¸Æ,c954
Â«,c955
®Ö,c956
¹X,c957
¥`,c958
¬d,c959
­Ã,c960
¤¬,c961
Äø,c962
¶ø,c963
³w,c964
¤o,c965
»µ,c966
ÄÆ,c967
»Ù,c968
ºg,c969
´³,c970
»ï,c971
ªì,c972
°ý,c973
±«,c974
¦{,c975
¿j,c976
¤C,c977
¼Q,c978
¬÷,c979
©c,c980
½L,c981
¦à,c982
Äá,c983
¶X,c984
­Ù,c985
¹p,c986
·ñ,c987
½R,c988
Âk,c989
¾Õ,c990
Äà,c991
½í,c992
¹[,c993
®A,c994
°ù,c995
¸¬,c996
ºÀ,c997
Ài,c998
¶æ,c999
ÂF,c1000
¨Å,c1001
´§,c1002
¸S,c1003
Á^,c1004
´Û,c1005
¥±,c1006
¦±,c1007
²X,c1008
»Ý,c1009
¿ý,c1010
¾h,c1011
©¿,c1012
µ²,c1013
¨§,c1014
Ás,c1015
·©,c1016
µ¥,c1017
³Ö,c1018
µë,c1019
µÝ,c1020
ÅP,c1021
·b,c1022
«N,c1023
¨ò,c1024
¶Ú,c1025
¨Ô,c1026
Äâ,c1027
¹ó,c1028
¨`,c1029
¶ú,c1030
¯U,c1031
©à,c1032
²n,c1033
·í,c1034
½Þ,c1035
µ°,c1036
Å¯,c1037
Âz,c1038
Å£,c1039
Ä×,c1040
Ã],c1041
Á~,c1042
¶A,c1043
®ù,c1044
³o,c1045
Ä§,c1046
³®,c1047
¦¸,c1048
¹n,c1049
ºl,c1050
±ù,c1051
¤û,c1052
º½,c1053
ªû,c1054
Âë,c1055
­F,c1056
Å¦,c1057
¹@,c1058
¨Û,c1059
ÁØ,c1060
¾s,c1061
»£,c1062
½ß,c1063
­L,c1064
³Z,c1065
Å«,c1066
ÅT,c1067
Ãí,c1068
ÁÚ,c1069
µh,c1070
¿E,c1071
ºì,c1072
©x,c1073
®¼,c1074
²F,c1075
¶È,c1076
ª¼,c1077
²©,c1078
µ´,c1079
Ãë,c1080
µÖ,c1081
¶N,c1082
­ñ,c1083
¿|,c1084
Â\,c1085
·ø,c1086
©ä,c1087
Äú,c1088
Åc,c1089
¿Ì,c1090
¨¨,c1091
¾²,c1092
µå,c1093
¦®,c1094
¶\,c1095
´þ,c1096
¥G,c1097
±Ä,c1098
¸O,c1099
Áû,c1100
½F,c1101
¸Ô,c1102
§b,c1103
¶Y,c1104
«þ,c1105
ÄA,c1106
µ­,c1107
»¸,c1108
®Í,c1109
»Å,c1110
¶k,c1111
¸},c1112
µÔ,c1113
Æ},c1114
°Þ,c1115
¾©,c1116
¾`,c1117
»x,c1118
ÃØ,c1119
¶»,c1120
ªB,c1121
¾~,c1122
¤M,c1123
°~,c1124
¼S,c1125
¯D,c1126
³{,c1127
¨¿,c1128
©ï,c1129
¹á,c1130
ÆU,c1131
´v,c1132
ºN,c1133
®b,c1134
¿p,c1135
²²,c1136
¸ò,c1137
ªÂ,c1138
¼K,c1139
ºü,c1140
Â¶,c1141
½­,c1142
²Â,c1143
«D,c1144
·ô,c1145
¿n,c1146
·Â,c1147
¥ç,c1148
¬ý,c1149
»´,c1150
Â£,c1151
´x,c1152
´~,c1153
ªÎ,c1154
Àþ,c1155
²J,c1156
§Õ,c1157
ºi,c1158
Âj,c1159
²¨,c1160
¬h,c1161
°á,c1162
½p,c1163
¾^,c1164
¼L,c1165
´c,c1166
¸¤,c1167
´´,c1168
ÃU,c1169
µá,c1170
ª¹,c1171
¦½,c1172
­I,c1173
¾ï,c1174
¶V,c1175
¾µ,c1176
«ë,c1177
°®,c1178
±Þ,c1179
À×,c1180
¦Ô,c1181
ÃT,c1182
­¯,c1183
³V,c1184
«¢,c1185
À{,c1186
«ñ,c1187
¬a,c1188
ªf,c1189
­ç,c1190
Æu,c1191
²Ó,c1192
¦e,c1193
­u,c1194
¼ö,c1195
Äd,c1196
º¡,c1197
¯Û,c1198
¸j,c1199
Á},c1200
ÂG,c1201
¸f,c1202
¼m,c1203
¯@,c1204
®ñ,c1205
®R,c1206
©ò,c1207
ÀX,c1208
­±,c1209
¸û,c1210
¥n,c1211
ÀW,c1212
¨¬,c1213
¤°,c1214
³Ä,c1215
­T,c1216
¬°,c1217
¹ï,c1218
©ü,c1219
´¨,c1220
§Ï,c1221
±´,c1222
¥º,c1223
ºÃ,c1224
Ä^,c1225
ºb,c1226
µÞ,c1227
º|,c1228
¤U,c1229
«®,c1230
´p,c1231
¾x,c1232
¾Ö,c1233
Äß,c1234
Âs,c1235
¥û,c1236
¨í,c1237
¦¾,c1238
¬Ò,c1239
·È,c1240
Åö,c1241
­z,c1242
©è,c1243
½\,c1244
¶Õ,c1245
»ó,c1246
¹Ö,c1247
´|,c1248
½Z,c1249
¿õ,c1250
¹¤,c1251
¿Q,c1252
ÅÃ,c1253
³Ü,c1254
°`,c1255
±ò,c1256
®ã,c1257
°¬,c1258
ªP,c1259
­÷,c1260
¤ù,c1261
©ù,c1262
ÁÐ,c1263
±À,c1264
¼F,c1265
¬Ù,c1266
¦ô,c1267
ÁA,c1268
ÀQ,c1269
ÀÙ,c1270
¹ý,c1271
ÅÅ,c1272
º°,c1273
´V,c1274
¶Ì,c1275
ÄÖ,c1276
¦j,c1277
¦I,c1278
ªh,c1279
¥½,c1280
¸Y,c1281
Æ],c1282
¹y,c1283
¼ª,c1284
®H,c1285
²Õ,c1286
À±,c1287
Áá,c1288
ª¾,c1289
¤þ,c1290
¿Ñ,c1291
©Å,c1292
Åþ,c1293
¼Ë,c1294
²r,c1295
¯¡,c1296
·E,c1297
Âr,c1298
°D,c1299
«u,c1300
´·,c1301
·¡,c1302
¥Ä,c1303
Âá,c1304
¯Õ,c1305
»Î,c1306
ºà,c1307
ÆF,c1308
¨Ç,c1309
ºx,c1310
¼@,c1311
ÂZ,c1312
­É,c1313
²H,c1314
«s,c1315
ÃÕ,c1316
¯ö,c1317
¦|,c1318
º@,c1319
ªó,c1320
À©,c1321
©³,c1322
²O,c1323
Ä¹,c1324
ªï,c1325
´ô,c1326
¯h,c1327
¬W,c1328
ª§,c1329
ÂÃ,c1330
²Ú,c1331
«Y,c1332
¼V,c1333
Ã°,c1334
Áy,c1335
§È,c1336
·j,c1337
Áõ,c1338
²÷,c1339
´ï,c1340
¸æ,c1341
®Þ,c1342
ÂJ,c1343
®ï,c1344
¿Î,c1345
©J,c1346
¯L,c1347
Á_,c1348
ÆX,c1349
ª_,c1350
±v,c1351
¤i,c1352
¹Û,c1353
»Ø,c1354
Ãâ,c1355
µp,c1356
»W,c1357
¦§,c1358
¼~,c1359
¶o,c1360
Á²,c1361
Äj,c1362
ÂX,c1363
±©,c1364
ÂC,c1365
º{,c1366
»h,c1367
ÃB,c1368
½´,c1369
¦E,c1370
ºÂ,c1371
¹å,c1372
¤·,c1373
¯î,c1374
¿C,c1375
´Ä,c1376
Â½,c1377
Äù,c1378
ÂM,c1379
¤D,c1380
ºØ,c1381
´F,c1382
ÆN,c1383
«¥,c1384
¯C,c1385
Â­,c1386
¥~,c1387
²í,c1388
Åå,c1389
®g,c1390
Áv,c1391
À¦,c1392
©Ñ,c1393
±f,c1394
«ò,c1395
Àv,c1396
½ö,c1397
§¿,c1398
§¤,c1399
©ª,c1400
´Z,c1401
Åè,c1402
»×,c1403
¾Ï,c1404
ºC,c1405
¦\,c1406
·c,c1407
ÀÍ,c1408
ÃO,c1409
²~,c1410
Ä|,c1411
ÅÇ,c1412
«g,c1413
Ào,c1414
¼Ì,c1415
¯Ó,c1416
ÁÊ,c1417
À¶,c1418
¹½,c1419
¦R,c1420
½t,c1421
¸ñ,c1422
ÃÏ,c1423
ÅB,c1424
À@,c1425
¼Þ,c1426
»­,c1427
²C,c1428
¹è,c1429
³C,c1430
·F,c1431
Åm,c1432
©a,c1433
Ãþ,c1434
ÂV,c1435
«ó,c1436
Åý,c1437
­h,c1438
°v,c1439
ÅM,c1440
²Û,c1441
©´,c1442
¹M,c1443
µ~,c1444
¿ì,c1445
Âû,c1446
²t,c1447
°w,c1448
Äe,c1449
¨¡,c1450
¹G,c1451
¼¡,c1452
¥f,c1453
¦Ç,c1454
ªm,c1455
§ì,c1456
´Ã,c1457
¸^,c1458
¥í,c1459
µL,c1460
ÅÂ,c1461
±g,c1462
º¨,c1463
ºÇ,c1464
´ò,c1465
§©,c1466
¬º,c1467
Àª,c1468
²ã,c1469
Å¼,c1470
·Å,c1471
·À,c1472
ÁÕ,c1473
±º,c1474
¥¯,c1475
®c,c1476
ÅÍ,c1477
¶ý,c1478
»I,c1479
Âà,c1480
¤Ð,c1481
±è,c1482
©u,c1483
ÃÞ,c1484
·U,c1485
Áj,c1486
¯ç,c1487
Ä°,c1488
ÀO,c1489
¨¢,c1490
ª±,c1491
ºÝ,c1492
¸Ý,c1493
¼l,c1494
¸º,c1495
­Ó,c1496
·n,c1497
Ãó,c1498
·Ë,c1499
¬ô,c1500
²®,c1501
¶á,c1502
¨¶,c1503
¶S,c1504
À|,c1505
Ä@,c1506
¸À,c1507
«q,c1508
¸A,c1509
§û,c1510
¤µ,c1511
µZ,c1512
¹«,c1513
§é,c1514
µÕ,c1515
¼i,c1516
¼§,c1517
ÃÁ,c1518
¿k,c1519
¶f,c1520
ªþ,c1521
»Ã,c1522
ªñ,c1523
Ãê,c1524
ÅZ,c1525
¤~,c1526
ÄB,c1527
©Á,c1528
«ð,c1529
ÄÒ,c1530
«Ý,c1531
¦Õ,c1532
À²,c1533
³É,c1534
®Ç,c1535
±ê,c1536
·¦,c1537
»X,c1538
Ã®,c1539
ÅG,c1540
¯i,c1541
¦ð,c1542
±¯,c1543
Â_,c1544
½ó,c1545
§O,c1546
°ä,c1547
¬B,c1548
Àl,c1549
½Y,c1550
¹ä,c1551
§x,c1552
®ô,c1553
½Ý,c1554
³§,c1555
±é,c1556
²k,c1557
µ¸,c1558
½o,c1559
Âq,c1560
Á´,c1561
³²,c1562
´î,c1563
Ä¤,c1564
µ©,c1565
¶O,c1566
¦F,c1567
Ãr,c1568
Å],c1569
±µ,c1570
¿~,c1571
­@,c1572
¥},c1573
°ð,c1574
ÂÛ,c1575
³v,c1576
¸í,c1577
­x,c1578
ÄW,c1579
Àß,c1580
º¢,c1581
¬`,c1582
³°,c1583
Åf,c1584
¹¡,c1585
¶Ê,c1586
Â¡,c1587
¸Ü,c1588
ÃY,c1589
¨º,c1590
Ãî,c1591
ÀÀ,c1592
·ò,c1593
ª³,c1594
Ã¦,c1595
¾º,c1596
«¹,c1597
²«,c1598
¸´,c1599
¿©,c1600
½ù,c1601
´¤,c1602
Âø,c1603
°^,c1604
©¸,c1605
ÂS,c1606
¸±,c1607
ÆG,c1608
¹{,c1609
¹Q,c1610
¾B,c1611
§®,c1612
Äþ,c1613
ÅS,c1614
¶m,c1615
¤æ,c1616
Äô,c1617
¥l,c1618
ÁD,c1619
¹Ñ,c1620
Æs,c1621
«`,c1622
¸Ù,c1623
¯É,c1624
±×,c1625
°Ã,c1626
ª·,c1627
¹s,c1628
Â¨,c1629
Äp,c1630
¨Ú,c1631
¨c,c1632
¶Å,c1633
«K,c1634
·´,c1635
ÂÌ,c1636
ºE,c1637
ÄÏ,c1638
¤Ô,c1639
¼A,c1640
ÃF,c1641
°æ,c1642
½¾,c1643
Åi,c1644
³è,c1645
±ý,c1646
ÅQ,c1647
½µ,c1648
¼õ,c1649
µ£,c1650
Å´,c1651
»î,c1652
¦@,c1653
®Ú,c1654
§·,c1655
¬n,c1656
³ô,c1657
±Å,c1658
§r,c1659
¾k,c1660
²l,c1661
¥£,c1662
ªy,c1663
¸a,c1664
³â,c1665
¿`,c1666
·t,c1667
Äx,c1668
ªË,c1669
¹`,c1670
´ç,c1671
¤a,c1672
¼q,c1673
¶­,c1674
ÂR,c1675
¸®,c1676
¨l,c1677
Æv,c1678
¦s,c1679
ªã,c1680
¨i,c1681
½J,c1682
±¦,c1683
¯ê,c1684
Â¦,c1685
¯Ò,c1686
¶î,c1687
Æk,c1688
Ãc,c1689
´É,c1690
Âo,c1691
­t,c1692
¾ú,c1693
©Ï,c1694
¤´,c1695
¥Ç,c1696
Ày,c1697
¨{,c1698
ÂÎ,c1699
½¶,c1700
©W,c1701
¶¥,c1702
µg,c1703
¥g,c1704
À¸,c1705
´Ö,c1706
­`,c1707
«ø,c1708
ÄÎ,c1709
µN,c1710
©Ø,c1711
Àõ,c1712
µ@,c1713
´z,c1714
¾},c1715
½w,c1716
Åñ,c1717
¸L,c1718
¸ç,c1719
®t,c1720
¬¢,c1721
»ð,c1722
ÂÍ,c1723
³p,c1724
°[,c1725
½V,c1726
Ã},c1727
Áb,c1728
²p,c1729
«¶,c1730
±Ê,c1731
´è,c1732
¦¡,c1733
©`,c1734
¦B,c1735
ªg,c1736
³i,c1737
¦¦,c1738
©b,c1739
¶¦,c1740
¯O,c1741
²Í,c1742
¥Ø,c1743
¹¯,c1744
Á¼,c1745
§s,c1746
¶õ,c1747
¹Ð,c1748
Äñ,c1749
­Õ,c1750
Ã­,c1751
Æ_,c1752
°Ù,c1753
¥ê,c1754
«­,c1755
¸D,c1756
ÅÉ,c1757
½á,c1758
¿ë,c1759
·õ,c1760
Ââ,c1761
µi,c1762
Ã¢,c1763
ÅÛ,c1764
ª¸,c1765
®î,c1766
«¯,c1767
¬ò,c1768
À»,c1769
°k,c1770
ÃP,c1771
©©,c1772
Á­,c1773
Ã¬,c1774
®X,c1775
½g,c1776
³à,c1777
¹Ã,c1778
§Ý,c1779
®z,c1780
Âù,c1781
º©,c1782
²\,c1783
Á{,c1784
Â|,c1785
¸þ,c1786
¬Í,c1787
©²,c1788
²o,c1789
°à,c1790
²I,c1791
ºð,c1792
©z,c1793
±¢,c1794
ÅA,c1795
±Æ,c1796
µt,c1797
¿Ö,c1798
®E,c1799
º×,c1800
ºX,c1801
²Ì,c1802
¸Ê,c1803
´Y,c1804
½À,c1805
§¯,c1806
¹°,c1807
Äè,c1808
»¡,c1809
¾w,c1810
¿¶,c1811
¹È,c1812
®¿,c1813
¦ï,c1814
ÁÙ,c1815
Äa,c1816
¬ù,c1817
®¸,c1818
¦x,c1819
¥S,c1820
®`,c1821
´ß,c1822
ÂK,c1823
¹¹,c1824
¹À,c1825
½_,c1826
½Ä,c1827
¼_,c1828
°},c1829
°Z,c1830
±J,c1831
§K,c1832
¼÷,c1833
°W,c1834
¾ò,c1835
¤ü,c1836
¥À,c1837
©K,c1838
¬Û,c1839
¥¢,c1840
¤Á,c1841
ª[,c1842
ºL,c1843
´Ó,c1844
®h,c1845
Âp,c1846
´ú,c1847
§Î,c1848
³ï,c1849
¹H,c1850
Âd,c1851
®o,c1852
ª¡,c1853
¸ý,c1854
°u,c1855
«^,c1856
¯Ð,c1857
Ãk,c1858
¹Ç,c1859
¹Ó,c1860
¿±,c1861
Âe,c1862
³¨,c1863
¥I,c1864
Áw,c1865
¤ó,c1866
»ª,c1867
»H,c1868
µÅ,c1869
¥§,c1870
ÃÃ,c1871
¦º,c1872
®³,c1873
¤¨,c1874
ÄÕ,c1875
´£,c1876
´o,c1877
µÐ,c1878
©ç,c1879
ªÖ,c1880
·ö,c1881
ªÒ,c1882
ÄÀ,c1883
¹W,c1884
¾À,c1885
¨N,c1886
®u,c1887
¼¦,c1888
ºM,c1889
¨o,c1890
¤Û,c1891
»¼,c1892
«k,c1893
¤Ë,c1894
¹L,c1895
ÄÐ,c1896
Äc,c1897
Áô,c1898
®è,c1899
Ær,c1900
¤Ù,c1901
©ñ,c1902
©§,c1903
ºe,c1904
³n,c1905
¤È,c1906
©ð,c1907
¼£,c1908
»¬,c1909
»},c1910
­È,c1911
Ä±,c1912
¯V,c1913
¦Ü,c1914
Â¬,c1915
½Å,c1916
°õ,c1917
®Ë,c1918
¥o,c1919
­M,c1920
«h,c1921
Ä¶,c1922
¼R,c1923
¹N,c1924
¹æ,c1925
¹m,c1926
ºÐ,c1927
¿Ó,c1928
»g,c1929
Å÷,c1930
¿ª,c1931
Ãø,c1932
¸v,c1933
±S,c1934
µã,c1935
§k,c1936
«ù,c1937
±¸,c1938
ÄG,c1939
·i,c1940
­n,c1941
ÂB,c1942
»k,c1943
¿ú,c1944
ª¯,c1945
°ñ,c1946
­ý,c1947
ÆP,c1948
¯ñ,c1949
Áý,c1950
²â,c1951
·f,c1952
ÄÚ,c1953
¾à,c1954
·v,c1955
°B,c1956
´G,c1957
µô,c1958
Á÷,c1959
°l,c1960
½×,c1961
ºã,c1962
ºÉ,c1963
¤Z,c1964
´«,c1965
»_,c1966
½£,c1967
°¸,c1968
°¹,c1969
¥Â,c1970
¶U,c1971
½k,c1972
ÄÛ,c1973
µß,c1974
®@,c1975
¿O,c1976
»Û,c1977
µó,c1978
ÂO,c1979
«t,c1980
ÆE,c1981
§À,c1982
¸e,c1983
½ñ,c1984
¦],c1985
ÃV,c1986
¹ô,c1987
¨x,c1988
Ây,c1989
«ö,c1990
¾Î,c1991
±W,c1992
©D,c1993
¨î,c1994
¬Î,c1995
µº,c1996
Äº,c1997
ÂÕ,c1998
Àh,c1999
¿Õ,c2000
¼î,c2001
º¶,c2002
¯[,c2003
±·,c2004
¯c,c2005
«m,c2006
Ãò,c2007
³ý,c2008
¤Å,c2009
®W,c2010
¬O,c2011
¤ñ,c2012
¿¾,c2013
­_,c2014
§Ä,c2015
´¯,c2016
±X,c2017
¶Ï,c2018
´N,c2019
¦Ý,c2020
·§,c2021
©Ç,c2022
µv,c2023
Áþ,c2024
¬A,c2025
¤Y,c2026
¶t,c2027
­é,c2028
µs,c2029
¥C,c2030
¼M,c2031
¼Ä,c2032
®ß,c2033
µ|,c2034
¬G,c2035
¶q,c2036
¤K,c2037
¬µ,c2038
³ë,c2039
´},c2040
¨«,c2041
¬¾,c2042
²þ,c2043
Ã\,c2044
À_,c2045
¥Ë,c2046
©},c2047
¥u,c2048
ÁB,c2049
®­,c2050
­q,c2051
©H,c2052
¬¶,c2053
±§,c2054
½È,c2055
«¡,c2056
§ê,c2057
¼J,c2058
«Í,c2059
·W,c2060
½ý,c2061
«M,c2062
¥b,c2063
§Â,c2064
°¦,c2065
²¯,c2066
ÁÍ,c2067
¥Q,c2068
»|,c2069
§I,c2070
¼},c2071
®â,c2072
Ã¾,c2073
ÂL,c2074
Ã¼,c2075
Ã`,c2076
§_,c2077
«w,c2078
ÅÈ,c2079
Ãá,c2080
¹],c2081
½ð,c2082
¯~,c2083
³D,c2084
ÂP,c2085
°÷,c2086
¦÷,c2087
§ä,c2088
¼Ü,c2089
©£,c2090
¶í,c2091
Ä\,c2092
¬ï,c2093
²ò,c2094
®À,c2095
Æw,c2096
²Ö,c2097
¦Ï,c2098
¶B,c2099
Ãª,c2100
§n,c2101
¦V,c2102
°°,c2103
ºé,c2104
¾y,c2105
§ö,c2106
´H,c2107
Ä~,c2108
°Q,c2109
Ãð,c2110
¹C,c2111
¼p,c2112
¸Ó,c2113
¸ì,c2114
¤Ú,c2115
®Ì,c2116
¤ê,c2117
¾ù,c2118
±¹,c2119
ÅÖ,c2120
·¾,c2121
·£,c2122
³u,c2123
Ãh,c2124
½¿,c2125
ÃË,c2126
¼¿,c2127
ÆI,c2128
¬ñ,c2129
¦M,c2130
¦Ò,c2131
¾ü,c2132
»Y,c2133
§ã,c2134
§},c2135
³×,c2136
¶ù,c2137
Â¼,c2138
¥ð,c2139
©U,c2140
Ä½,c2141
·É,c2142
Ãi,c2143
½N,c2144
°Ü,c2145
º¹,c2146
¬æ,c2147
¶ª,c2148
¥z,c2149
¤Ø,c2150
´A,c2151
±Ë,c2152
¤ï,c2153
©é,c2154
©­,c2155
¹Â,c2156
¾a,c2157
¯Ñ,c2158
¨J,c2159
¯Ì,c2160
±B,c2161
¹w,c2162
µû,c2163
¦O,c2164
¸Å,c2165
ºÙ,c2166
¾I,c2167
²ì,c2168
¾F,c2169
©N,c2170
°ì,c2171
¬g,c2172
ºõ,c2173
¥h,c2174
ªS,c2175
³Â,c2176
±@,c2177
ÁÅ,c2178
ºý,c2179
¼ø,c2180
¼Õ,c2181
¯í,c2182
¥W,c2183
¦Ö,c2184
¬r,c2185
§°,c2186
ÀK,c2187
ª­,c2188
Ãn,c2189
§¼,c2190
®ö,c2191
´÷,c2192
¯w,c2193
¿ç,c2194
ªê,c2195
§V,c2196
Äë,c2197
¿w,c2198
³È,c2199
¯·,c2200
Áê,c2201
ÂN,c2202
¿@,c2203
¸¨,c2204
ªú,c2205
¯x,c2206
½æ,c2207
º¼,c2208
¯j,c2209
ÁR,c2210
¥m,c2211
©V,c2212
¹ë,c2213
Åí,c2214
»P,c2215
´g,c2216
«d,c2217
¦S,c2218
»þ,c2219
ªÍ,c2220
²õ,c2221
°E,c2222
Å`,c2223
±ð,c2224
¹²,c2225
¨ö,c2226
¼À,c2227
Âf,c2228
ÂÈ,c2229
ÅL,c2230
¯ü,c2231
¥Ñ,c2232
§w,c2233
¬Ú,c2234
¨ð,c2235
¼`,c2236
¶e,c2237
°­,c2238
¸C,c2239
¯Í,c2240
»a,c2241
Âý,c2242
¨W,c2243
¶Á,c2244
«æ,c2245
ª°,c2246
¹ú,c2247
Âm,c2248
ÂI,c2249
½v,c2250
ÅÕ,c2251
¤R,c2252
½³,c2253
¾Ù,c2254
ºW,c2255
«½,c2256
«à,c2257
³Þ,c2258
²ü,c2259
³K,c2260
¦­,c2261
±C,c2262
ÁI,c2263
°Í,c2264
«x,c2265
§ü,c2266
­~,c2267
­Ñ,c2268
ÁÑ,c2269
¦ù,c2270
»^,c2271
ºù,c2272
Åo,c2273
À^,c2274
¼u,c2275
¤à,c2276
ÁG,c2277
·M,c2278
½ï,c2279
¾¥,c2280
©S,c2281
ÄO,c2282
ÅH,c2283
·Ò,c2284
®ª,c2285
¤n,c2286
¤â,c2287
Á@,c2288
Äy,c2289
°y,c2290
¦Þ,c2291
ÀP,c2292
µÄ,c2293
°I,c2294
Àº,c2295
¶¢,c2296
ª¢,c2297
Åõ,c2298
°C,c2299
¹º,c2300
Æx,c2301
·A,c2302
·Y,c2303
­\,c2304
´Î,c2305
«X,c2306
§ï,c2307
³h,c2308
¾Æ,c2309
ÁM,c2310
³Ï,c2311
Åq,c2312
¥w,c2313
¯Ü,c2314
ÁÜ,c2315
ÄÈ,c2316
¼È,c2317
­Ú,c2318
©ê,c2319
¿Ò,c2320
Áß,c2321
¹v,c2322
Â[,c2323
¯g,c2324
Å¤,c2325
ÃI,c2326
©Q,c2327
ÃÌ,c2328
¾Ò,c2329
¿K,c2330
µæ,c2331
­Ý,c2332
²æ,c2333
¹h,c2334
²¬,c2335
§X,c2336
¬],c2337
§a,c2338
Äu,c2339
­¢,c2340
ºf,c2341
¿Ç,c2342
Â°,c2343
©î,c2344
ºO,c2345
ÆZ,c2346
À½,c2347
³Ú,c2348
¦ø,c2349
³z,c2350
³Î,c2351
ªD,c2352
ÄH,c2353
¶´,c2354
ºò,c2355
¤ç,c2356
¯Ö,c2357
¦¹,c2358
ÂÙ,c2359
©I,c2360
¤V,c2361
¸~,c2362
¹ö,c2363
§­,c2364
¶Â,c2365
½c,c2366
½û,c2367
¸G,c2368
¾q,c2369
¸§,c2370
¨O,c2371
Æ~,c2372
¤Q,c2373
ºÎ,c2374
¨ý,c2375
»á,c2376
«ã,c2377
½s,c2378
®Ý,c2379
¥s,c2380
º÷,c2381
¨­,c2382
­ò,c2383
Àz,c2384
Àú,c2385
¶µ,c2386
±È,c2387
´¡,c2388
©«,c2389
«¾,c2390
Ã©,c2391
¹¬,c2392
§§,c2393
§¹,c2394
¶ä,c2395
·G,c2396
¼ã,c2397
¦y,c2398
¦m,c2399
½Ü,c2400
«y,c2401
§j,c2402
¦z,c2403
´é,c2404
§ò,c2405
²¦,c2406
­|,c2407
¾Ô,c2408
±w,c2409
³À,c2410
§Á,c2411
­þ,c2412
º»,c2413
·¥,c2414
¾ë,c2415
À÷,c2416
¨²,c2417
­y,c2418
¨I,c2419
¼â,c2420
ÄÊ,c2421
Åë,c2422
©T,c2423
ÁÖ,c2424
·î,c2425
ÄÂ,c2426
»e,c2427
­©,c2428
²s,c2429
Àw,c2430
ºD,c2431
½C,c2432
ªë,c2433
À[,c2434
ÆB,c2435
ÁÁ,c2436
»Ö,c2437
Àf,c2438
­Î,c2439
ÃÓ,c2440
Åä,c2441
¥R,c2442
ÄY,c2443
¼É,c2444
ªb,c2445
¶b,c2446
²ð,c2447
»V,c2448
®å,c2449
År,c2450
¸J,c2451
¦r,c2452
¸Õ,c2453
µµ,c2454
Àá,c2455
Äl,c2456
¯½,c2457
§h,c2458
±|,c2459
Àì,c2460
¿S,c2461
°é,c2462
ªÙ,c2463
¿M,c2464
¹l,c2465
Ãf,c2466
º[,c2467
Ã~,c2468
¬È,c2469
µu,c2470
­W,c2471
½î,c2472
Á¢,c2473
±_,c2474
°½,c2475
¬@,c2476
¬Ü,c2477
Âx,c2478
®§,c2479
¿Â,c2480
¥â,c2481
¸u,c2482
³¦,c2483
ÁO,c2484
Á±,c2485
¨×,c2486
¨b,c2487
¦¬,c2488
ÃÛ,c2489
¯N,c2490
¬Å,c2491
Æj,c2492
ÄZ,c2493
¤Ä,c2494
·ï,c2495
»Ì,c2496
¤ª,c2497
¸õ,c2498
­å,c2499
¶u,c2500
°i,c2501
Â÷,c2502
¤E,c2503
°o,c2504
ÂW,c2505
ÀZ,c2506
¦¤,c2507
ªC,c2508
Ãa,c2509
­Í,c2510
¦D,c2511
¾¼,c2512
¦·,c2513
¼¢,c2514
º¾,c2515
½M,c2516
¸Ú,c2517
±b,c2518
¸Ñ,c2519
½ø,c2520
¿Í,c2521
¹¿,c2522
´û,c2523
¯×,c2524
ÆH,c2525
Äå,c2526
¸K,c2527
Åî,c2528
º},c2529
«¼,c2530
°\,c2531
¼´,c2532
¥Ú,c2533
­m,c2534
¶þ,c2535
¨õ,c2536
¯¯,c2537
Äò,c2538
¸Â,c2539
·æ,c2540
³Q,c2541
³ä,c2542
Æl,c2543
¾ê,c2544
³æ,c2545
¼ù,c2546
¶@,c2547
§²,c2548
µÑ,c2549
¯r,c2550
¥y,c2551
Áæ,c2552
»»,c2553
¾Á,c2554
¹µ,c2555
¤z,c2556
®¡,c2557
´ü,c2558
±A,c2559
²Þ,c2560
¬Þ,c2561
¸Á,c2562
½º,c2563
»w,c2564
ªc,c2565
²¸,c2566
¹\,c2567
·¤,c2568
Ã¿,c2569
°Ú,c2570
¥³,c2571
ÄL,c2572
»ì,c2573
ÅJ,c2574
Áú,c2575
¥¤,c2576
´à,c2577
¬U,c2578
­e,c2579
Åk,c2580
°m,c2581
§Z,c2582
Áä,c2583
¥¼,c2584
¨Ï,c2585
½Ð,c2586
®|,c2587
¾l,c2588
½«,c2589
¾e,c2590
¨Ã,c2591
Ãx,c2592
­ó,c2593
¯º,c2594
¿x,c2595
¶H,c2596
±q,c2597
¶_,c2598
Ä«,c2599
¹Z,c2600
·C,c2601
°Ì,c2602
¥¬,c2603
¤ö,c2604
­D,c2605
Áü,c2606
«{,c2607
ºÌ,c2608
¼C,c2609
µS,c2610
¿é,c2611
®w,c2612
¸²,c2613
°ü,c2614
²½,c2615
¬Ô,c2616
ªÏ,c2617
¸k,c2618
Á[,c2619
§Í,c2620
·L,c2621
¥ö,c2622
§Ö,c2623
³³,c2624
¥ñ,c2625
«Q,c2626
¯ä,c2627
·},c2628
¿ò,c2629
¯Å,c2630
¹÷,c2631
¤±,c2632
¿V,c2633
§C,c2634
¤b,c2635
«ú,c2636
¹k,c2637
³ã,c2638
¾½,c2639
Â³,c2640
¤Î,c2641
ÃD,c2642
´`,c2643
²§,c2644
´×,c2645
®N,c2646
¬¯,c2647
¸H,c2648
³[,c2649
»º,c2650
§A,c2651
·Ø,c2652
¨ì,c2653
¼©,c2654
Ât,c2655
¿É,c2656
Åt,c2657
Ãä,c2658
½[,c2659
Åç,c2660
²i,c2661
µÛ,c2662
®á,c2663
ÄI,c2664
ÀÛ,c2665
À¢,c2666
ªî,c2667
¾N,c2668
±N,c2669
¶K,c2670
Àï,c2671
³X,c2672
·e,c2673
Äð,c2674
©ó,c2675
Åâ,c2676
®´,c2677
ºâ,c2678
´m,c2679
¹^,c2680
­ú,c2681
¯°,c2682
¬¥,c2683
¤v,c2684
µw,c2685
­Ô,c2686
¨a,c2687
ªR,c2688
±æ,c2689
«Z,c2690
ºø,c2691
³r,c2692
Ãï,c2693
Å¥,c2694
¯ò,c2695
À~,c2696
´k,c2697
´ý,c2698
½H,c2699
§æ,c2700
°h,c2701
Âc,c2702
¸¯,c2703
³ê,c2704
¼³,c2705
ÁC,c2706
¼^,c2707
¥J,c2708
¤y,c2709
¾Ñ,c2710
§Ì,c2711
¶¸,c2712
¹V,c2713
¸ô,c2714
ÀÝ,c2715
®M,c2716
°b,c2717
Äî,c2718
§Ð,c2719
®V,c2720
¯y,c2721
·µ,c2722
§µ,c2723
³´,c2724
¨£,c2725
½b,c2726
Á¥,c2727
ÄÞ,c2728
­ù,c2729
¼{,c2730
¶ñ,c2731
³¼,c2732
³Ò,c2733
ªý,c2734
¿â,c2735
§¨,c2736
®û,c2737
­r,c2738
Ã÷,c2739
¿´,c2740
©ì,c2741
¨L,c2742
ÃÜ,c2743
²Ý,c2744
²Ä,c2745
¸¸,c2746
»[,c2747
½X,c2748
¥ã,c2749
¬s,c2750
ÀY,c2751
Å¿,c2752
Än,c2753
§o,c2754
ÀÊ,c2755
ÄS,c2756
º¦,c2757
©@,c2758
Á®,c2759
¶d,c2760
©\,c2761
¯ú,c2762
Äs,c2763
Áâ,c2764
³I,c2765
¯¹,c2766
Á¡,c2767
¾¬,c2768
½W,c2769
¶ð,c2770
Å¾,c2771
¨e,c2772
®I,c2773
®µ,c2774
´U,c2775
¿ð,c2776
´²,c2777
±°,c2778
­À,c2779
ºc,c2780
·X,c2781
Åe,c2782
¦©,c2783
§ð,c2784
¿R,c2785
¤¡,c2786
ªÜ,c2787
·à,c2788
ÃZ,c2789
§M,c2790
´ê,c2791
¾í,c2792
´æ,c2793
¼U,c2794
±T,c2795
«Ö,c2796
¿D,c2797
¥A,c2798
ÃÉ,c2799
§Ñ,c2800
¶I,c2801
§ó,c2802
»t,c2803
§å,c2804
ºJ,c2805
©X,c2806
ªÌ,c2807
°G,c2808
¶r,c2809
©t,c2810
µö,c2811
µü,c2812
··,c2813
¥¹,c2814
¬É,c2815
«v,c2816
»ë,c2817
¨ß,c2818
Ãl,c2819
µ},c2820
­U,c2821
¯{,c2822
³},c2823
­Æ,c2824
¥¶,c2825
§W,c2826
¶J,c2827
­Ä,c2828
Åò,c2829
¥È,c2830
³÷,c2831
©Þ,c2832
ºÅ,c2833
ÂÜ,c2834
¨»,c2835
·Ö,c2836
¹j,c2837
¹É,c2838
²ª,c2839
¹ñ,c2840
Åð,c2841
«å,c2842
¼j,c2843
¾K,c2844
¹Ù,c2845
®º,c2846
¬ç,c2847
°ï,c2848
¤¦,c2849
®«,c2850
¤ä,c2851
»L,c2852
¯¶,c2853
«Ï,c2854
²û,c2855
°¿,c2856
ÅR,c2857
·¿,c2858
¸_,c2859
¦é,c2860
´y,c2861
«£,c2862
¦H,c2863
±{,c2864
»ø,c2865
¥ï,c2866
©û,c2867
¹Ë,c2868
®°,c2869
±},c2870
¸Ç,c2871
¤¿,c2872
­Ë,c2873
¨G,c2874
·k,c2875
²¶,c2876
¹i,c2877
ÅÆ,c2878
¹ø,c2879
¼|,c2880
Ä¾,c2881
¶ã,c2882
³í,c2883
¸ð,c2884
¦É,c2885
Áµ,c2886
©¢,c2887
ºy,c2888
¹¨,c2889
¯ë,c2890
¼Å,c2891
«¦,c2892
½T,c2893
¦Â,c2894
¸¦,c2895
¸I,c2896
ÁÛ,c2897
¶g,c2898
­Á,c2899
Ãì,c2900
¦û,c2901
¤²,c2902
®Õ,c2903
´ì,c2904
Áç,c2905
µc,c2906
»¤,c2907
¦«,c2908
´e,c2909
®Ä,c2910
¨m,c2911
¬q,c2912
¼è,c2913
©Y,c2914
ªß,c2915
Ã@,c2916
®y,c2917
Àm,c2918
¨¯,c2919
Áö,c2920
Ãú,c2921
·Ä,c2922
¶É,c2923
¶Ã,c2924
¾n,c2925
©o,c2926
¼¬,c2927
Ã²,c2928
Åû,c2929
ÀÈ,c2930
°Û,c2931
Å},c2932
±÷,c2933
ªØ,c2934
ªÈ,c2935
¼G,c2936
±G,c2937
»f,c2938
«Ü,c2939
ª¬,c2940
³S,c2941
¸°,c2942
½Á,c2943
¦»,c2944
°Æ,c2945
¹à,c2946
¿a,c2947
½u,c2948
°§,c2949
¦Í,c2950
®ê,c2951
¬é,c2952
½½,c2953
¶D,c2954
¥¾,c2955
ºË,c2956
¸p,c2957
¬^,c2958
¼f,c2959
®j,c2960
¸V,c2961
¶a,c2962
Ãd,c2963
¿è,c2964
·r,c2965
³Ø,c2966
ºR,c2967
¾Ã,c2968
ÁY,c2969
ºk,c2970
Äi,c2971
³U,c2972
ºu,c2973
©¹,c2974
ª¥,c2975
¿À,c2976
µM,c2977
¨u,c2978
Ãu,c2979
Âõ,c2980
¬½,c2981
¹§,c2982
¼P,c2983
±a,c2984
²_,c2985
¾d,c2986
Âì,c2987
¤¢,c2988
ÁT,c2989
¦i,c2990
ÀÜ,c2991
Ãp,c2992
Âþ,c2993
µT,c2994
©Ù,c2995
¨h,c2996
«ì,c2997
®ò,c2998
´â,c2999
Å¢,c3000
½è,c3001
µ\,c3002
¯`,c3003
±¨,c3004
°Ð,c3005
¹},c3006
¨±,c3007
ÀÄ,c3008
¼h,c3009
¾Ì,c3010
¿m,c3011
°@,c3012
½Ô,c3013
¤`,c3014
¬»,c3015
¾ñ,c3016
²¹,c3017
°P,c3018
­Ê,c3019
ÃJ,c3020
¥t,c3021
Át,c3022
§l,c3023
±Û,c3024
²Ñ,c3025
·[,c3026
»Þ,c3027
´ð,c3028
¼å,c3029
Äê,c3030
¶Ä,c3031
ÂÇ,c3032
¿e,c3033
·¼,c3034
«´,c3035
¦d,c3036
©È,c3037
Åü,c3038
Ák,c3039
¶s,c3040
ª\,c3041
®¨,c3042
²v,c3043
¸ö,c3044
¶Ò,c3045
»©,c3046
ªÐ,c3047
ºd,c3048
ºA,c3049
»í,c3050
¤Ö,c3051
¹­,c3052
©¶,c3053
­C,c3054
°A,c3055
ÁÓ,c3056
¯ï,c3057
©Ã,c3058
´ø,c3059
¶û,c3060
´»,c3061
µ¯,c3062
¬\,c3063
ÀÌ,c3064
´Ê,c3065
«_,c3066
µï,c3067
­X,c3068
À®,c3069
Åz,c3070
ÃÚ,c3071
«Ú,c3072
ªí,c3073
Àó,c3074
´S,c3075
¬Ì,c3076
«õ,c3077
¼×,c3078
ºw,c3079
µù,c3080
»°,c3081
«±,c3082
§Y,c3083
»ß,c3084
¿W,c3085
ÂÔ,c3086
¶Z,c3087
·B,c3088
±[,c3089
¦Á,c3090
Ãj,c3091
§à,c3092
º¿,c3093
Æ^,c3094
§L,c3095
¼ë,c3096
º`,c3097
¦q,c3098
©R,c3099
ÅË,c3100
½e,c3101
ÅF,c3102
¨´,c3103
»~,c3104
Å¨,c3105
Âó,c3106
²à,c3107
Ä¨,c3108
«r,c3109
§[,c3110
ÆV,c3111
¾Â,c3112
ÀÚ,c3113
«U,c3114
¥Ô,c3115
ªa,c3116
¤ø,c3117
¯|,c3118
¦í,c3119
·Ù,c3120
·ð,c3121
®[,c3122
¬ä,c3123
ÅÜ,c3124
·»,c3125
§Ã,c3126
±Ù,c3127
­Q,c3128
¾R,c3129
¿ô,c3130
³þ,c3131
²Ç,c3132
ÅÑ,c3133
¹Ú,c3134
¾c,c3135
Ã|,c3136
¶¹,c3137
®Î,c3138
ªw,c3139
¥a,c3140
¨Ì,c3141
®ó,c3142
¤N,c3143
¯Ï,c3144
ÅÄ,c3145
²{,c3146
¾t,c3147
ÀÁ,c3148
²B,c3149
Â¯,c3150
¯Ë,c3151
±³,c3152
¿f,c3153
Àý,c3154
¶w,c3155
Ät,c3156
¼Ç,c3157
²S,c3158
¹ß,c3159
¦Z,c3160
´ñ,c3161
¿ä,c3162
³Ã,c3163
¥X,c3164
Äv,c3165
§á,c3166
²À,c3167
ÂÒ,c3168
²`,c3169
©¥,c3170
¥å,c3171
µ¬,c3172
§`,c3173
¥Ì,c3174
¦c,c3175
µÊ,c3176
§´,c3177
ª»,c3178
ÀS,c3179
®Y,c3180
´¬,c3181
ÂÀ,c3182
²Y,c3183
¿¯,c3184
¿N,c3185
´á,c3186
Á¤,c3187
ÄÌ,c3188
°L,c3189
­c,c3190
¬[,c3191
²P,c3192
µ],c3193
¤Ç,c3194
¦Q,c3195
¾Í,c3196
¤r,c3197
À¨,c3198
¤©,c3199
°þ,c3200
»z,c3201
ÂQ,c3202
Å¬,c3203
ºÚ,c3204
¦Ø,c3205
Ã½,c3206
¥ª,c3207
§É,c3208
®í,c3209
²E,c3210
¾J,c3211
µU,c3212
°R,c3213
Ä®,c3214
­Ð,c3215
¯Ø,c3216
µî,c3217
§¥,c3218
·o,c3219
®Ò,c3220
Åy,c3221
°ô,c3222
¨·,c3223
¯d,c3224
Áë,c3225
Åb,c3226
²ô,c3227
»æ,c3228
¾S,c3229
»å,c3230
¾j,c3231
®¹,c3232
±h,c3233
¦J,c3234
®©,c3235
¦×,c3236
Á¶,c3237
¨y,c3238
ÃÝ,c3239
¸o,c3240
­Ï,c3241
Ân,c3242
ÄN,c3243
¦õ,c3244
¯X,c3245
¸¢,c3246
¦},c3247
¶ë,c3248
¸¾,c3249
¨ª,c3250
ÅÁ,c3251
®G,c3252
Æz,c3253
±c,c3254
©á,c3255
¶ò,c3256
¨Õ,c3257
¸¿,c3258
ºV,c3259
¬{,c3260
­Ø,c3261
Ã¡,c3262
¤J,c3263
ªt,c3264
¥¸,c3265
¥ä,c3266
ª®,c3267
ª¨,c3268
¯±,c3269
³a,c3270
´ª,c3271
¬V,c3272
«¤,c3273
«|,c3274
²Z,c3275
µ¶,c3276
º´,c3277
¿U,c3278
µz,c3279
¨P,c3280
ªÆ,c3281
Äo,c3282
»B,c3283
¤^,c3284
³F,c3285
»¢,c3286
ÀÞ,c3287
¹Õ,c3288
¼é,c3289
ªp,c3290
¯k,c3291
¾´,c3292
Ã^,c3293
­¶,c3294
Âµ,c3295
¸x,c3296
­¡,c3297
²ñ,c3298
¹K,c3299
¯û,c3300
ªH,c3301
¤Ê,c3302
°Ô,c3303
·û,c3304
²@,c3305
²¼,c3306
¼o,c3307
µÉ,c3308
¿Å,c3309
¿ß,c3310
ÅÌ,c3311
¸Ò,c3312
¿ü,c3313
±ø,c3314
¿¬,c3315
¼à,c3316
°{,c3317
¬Y,c3318
°´,c3319
Ãq,c3320
¾],c3321
¿È,c3322
¨C,c3323
»D,c3324
¼r,c3325
±£,c3326
§T,c3327
«Ù,c3328
¹ª,c3329
ªÔ,c3330
»q,c3331
­ø,c3332
¦ß,c3333
´T,c3334
À¡,c3335
©¬,c3336
©Ö,c3337
¿Æ,c3338
Á»,c3339
®P,c3340
·l,c3341
¸Í,c3342
¦þ,c3343
ÁÀ,c3344
ÁN,c3345
¹¼,c3346
²¥,c3347
³~,c3348
©p,c3349
´s,c3350
º£,c3351
°Ò,c3352
¯T,c3353
®n,c3354
µì,c3355
¥E,c3356
·T,c3357
´¢,c3358
®¯,c3359
¼¾,c3360
²ß,c3361
ºÒ,c3362
·­,c3363
ÂÓ,c3364
Âô,c3365
»ç,c3366
©½,c3367
»Ó,c3368
­æ,c3369
®Q,c3370
¼º,c3371
Áã,c3372
©q,c3373
»è,c3374
«÷,c3375
³H,c3376
ÆR,c3377
Ä»,c3378
²°,c3379
¼°,c3380
¿Ý,c3381
¿¼,c3382
´±,c3383
©j,c3384
¿¸,c3385
§¬,c3386
³ç,c3387
¸ü,c3388
±ª,c3389
¦¯,c3390
µ¡,c3391
»Ô,c3392
Àq,c3393
¹z,c3394
Ãs,c3395
¥Þ,c3396
½ì,c3397
³t,c3398
¾É,c3399
°±,c3400
¼Y,c3401
½D,c3402
®¢,c3403
ÁÎ,c3404
·Q,c3405
©Ü,c3406
¬t,c3407
»Z,c3408
¸ó,c3409
§Ç,c3410
·Ð,c3411
·è,c3412
®L,c3413
¬û,c3414
­K,c3415
§ç,c3416
¨ü,c3417
«ü,c3418
¤],c3419
º¤,c3420
¼²,c3421
¿°,c3422
«V,c3423
Àk,c3424
Æ@,c3425
ºÄ,c3426
Ác,c3427
ºh,c3428
ªd,c3429
©õ,c3430
ºÊ,c3431
ºî,c3432
ªª,c3433
¤f,c3434
½ò,c3435
«×,c3436
¯Þ,c3437
±n,c3438
ÃÑ,c3439
´ù,c3440
¶ç,c3441
ºó,c3442
³ö,c3443
¤Ã,c3444
¼¨,c3445
¯ì,c3446
¦ê,c3447
½Ò,c3448
¬â,c3449
¯ô,c3450
°³,c3451
¹ì,c3452
§Ë,c3453
¨Ò,c3454
¸M,c3455
¶C,c3456
½O,c3457
¿L,c3458
²ç,c3459
¸m,c3460
ÂÚ,c3461
±Ý,c3462
½K,c3463
ÃÇ,c3464
©i,c3465
µy,c3466
¸ë,c3467
¥Å,c3468
ÁÉ,c3469
¿F,c3470
Ån,c3471
©¼,c3472
À¿,c3473
Ä²,c3474
·¢,c3475
½E,c3476
²W,c3477
¿£,c3478
±Ã,c3479
¦v,c3480
²|,c3481
©º,c3482
»`,c3483
ÄE,c3484
²î,c3485
·Î,c3486
³©,c3487
µÆ,c3488
¾b,c3489
ºP,c3490
­R,c3491
¾ß,c3492
µ«,c3493
¨¸,c3494
«Á,c3495
«S,c3496
½¥,c3497
¯å,c3498
¦b,c3499
¹þ,c3500
»¥,c3501
¼Z,c3502
ªe,c3503
¬Ö,c3504
»],c3505
¬è,c3506
±±,c3507
µQ,c3508
½¸,c3509
¸Z,c3510
¤ò,c3511
°Õ,c3512
ÅÚ,c3513
¥H,c3514
§¾,c3515
°î,c3516
¦g,c3517
§³,c3518
Àí,c3519
¶Æ,c3520
ÃÂ,c3521
Â»,c3522
±F,c3523
¬e,c3524
­í,c3525
©G,c3526
¥^,c3527
Å±,c3528
­ï,c3529
®_,c3530
®Ü,c3531
­v,c3532
¸é,c3533
¬Ä,c3534
ÂH,c3535
¶L,c3536
Ál,c3537
»®,c3538
²ä,c3539
¬C,c3540
³O,c3541
Áà,c3542
¸ª,c3543
½ê,c3544
¾Ø,c3545
¿T,c3546
¦£,c3547
ªò,c3548
¥Ê,c3549
±¤,c3550
¬~,c3551
¸÷,c3552
ªs,c3553
¿h,c3554
¼X,c3555
²´,c3556
Ä},c3557
ÆT,c3558
Àê,c3559
¾Ý,c3560
¿Ù,c3561
¦á,c3562
©®,c3563
¼¤,c3564
Åp,c3565
¼O,c3566
©°,c3567
²Æ,c3568
­ê,c3569
¯R,c3570
»¶,c3571
À`,c3572
ÁZ,c3573
ÅY,c3574
³é,c3575
¤Ò,c3576
»G,c3577
µl,c3578
´Ï,c3579
°å,c3580
¶ß,c3581
¬b,c3582
¿q,c3583
¾Ú,c3584
Ã¸,c3585
¬Æ,c3586
Ä³,c3587
¹®,c3588
°f,c3589
Å\,c3590
·@,c3591
·P,c3592
¥e,c3593
³Û,c3594
»r,c3595
¸«,c3596
­Ö,c3597
¯é,c3598
´Ì,c3599
¬³,c3600
ªÕ,c3601
¬Ç,c3602
¦Î,c3603
¬ð,c3604
¦²,c3605
±­,c3606
¹¾,c3607
Àg,c3608
ÄT,c3609
½P,c3610
¬H,c3611
ºG,c3612
¸i,c3613
¯÷,c3614
ÄÙ,c3615
¹Þ,c3616
·º,c3617
»Ë,c3618
®»,c3619
´¥,c3620
½d,c3621
³î,c3622
½~,c3623
¼T,c3624
¸ú,c3625
¯p,c3626
Áå,c3627
³¶,c3628
·d,c3629
ºº,c3630
½m,c3631
Ã±,c3632
¾»,c3633
±ì,c3634
­è,c3635
ÀÇ,c3636
¶Ü,c3637
«b,c3638
®O,c3639
¸×,c3640
±¿,c3641
ªÇ,c3642
Ãg,c3643
ªT,c3644
±L,c3645
³b,c3646
ÂØ,c3647
±~,c3648
»ã,c3649
«µ,c3650
¹í,c3651
Ã´,c3652
ÆO,c3653
­Þ,c3654
»j,c3655
°p,c3656
Àë,c3657
·J,c3658
¾ó,c3659
·ª,c3660
À¬,c3661
¤m,c3662
§],c3663
¥é,c3664
­a,c3665
®Ù,c3666
Åu,c3667
½ë,c3668
§^,c3669
ÁJ,c3670
ÄX,c3671
µV,c3672
¼¯,c3673
°K,c3674
ÀË,c3675
½Ï,c3676
»ú,c3677
µf,c3678
Äû,c3679
½Ö,c3680
µê,c3681
®¾,c3682
¼ô,c3683
©¤,c3684
¦µ,c3685
¬²,c3686
»â,c3687
¦´,c3688
¯Ã,c3689
¤A,c3690
´q,c3691
Àx,c3692
Àd,c3693
Â¢,c3694
Æ{,c3695
¬ß,c3696
­G,c3697
­î,c3698
°x,c3699
«e,c3700
ºs,c3701
½§,c3702
²ï,c3703
¼Ð,c3704
¬Z,c3705
Âç,c3706
¬´,c3707
¶`,c3708
Æf,c3709
»Q,c3710
³g,c3711
¯á,c3712
¥p,c3713
ÃE,c3714
±ó,c3715
¬¸,c3716
¹Ê,c3717
·®,c3718
¬ø,c3719
³d,c3720
ªÁ,c3721
¸¼,c3722
Áñ,c3723
¬J,c3724
®à,c3725
®Ô,c3726
¥d,c3727
½¤,c3728
²ù,c3729
·«,c3730
¨Ð,c3731
Å²,c3732
¬ê,c3733
Á¸,c3734
Åµ,c3735
Ãü,c3736
Æq,c3737
¤X,c3738
´Õ,c3739
¶^,c3740
©µ,c3741
«Ó,c3742
©k,c3743
»¹,c3744
ÀØ,c3745
¨R,c3746
¥ë,c3747
Ãã,c3748
´r,c3749
¥µ,c3750
©¡,c3751
¹S,c3752
¼æ,c3753
¯B,c3754
·Ñ,c3755
Åß,c3756
§¶,c3757
«î,c3758
«û,c3759
¸`,c3760
¹¸,c3761
¸B,c3762
µ÷,c3763
©L,c3764
±Ú,c3765
ÄÑ,c3766
¸T,c3767
¯M,c3768
®±,c3769
¥Ï,c3770
²],c3771
¯ð,c3772
©Ä,c3773
»³,c3774
¾¾,c3775
©O,c3776
¾Ü,c3777
§ô,c3778
°»,c3779
ªE,c3780
³x,c3781
°º,c3782
¦k,c3783
¼Ò,c3784
Á³,c3785
¨Ö,c3786
»Ç,c3787
ÅN,c3788
À¼,c3789
Àc,c3790
µH,c3791
Àp,c3792
Ä¼,c3793
´[,c3794
ÅX,c3795
º^,c3796
¸r,c3797
§S,c3798
¹O,c3799
ÆC,c3800
·m,c3801
¾A,c3802
¬T,c3803
±ß,c3804
«á,c3805
Áì,c3806
¼W,c3807
·Ã,c3808
¦ä,c3809
½S,c3810
¨á,c3811
¨g,c3812
Ä÷,c3813
¹Á,c3814
³½,c3815
¤w,c3816
Ã¯,c3817
À¤,c3818
¯ß,c3819
ªÓ,c3820
¼¥,c3821
½r,c3822
¸@,c3823
Åæ,c3824
¯Ý,c3825
ÀN,c3826
Äµ,c3827
©¦,c3828
´b,c3829
¾¸,c3830
¸¡,c3831
½h,c3832
µí,c3833
«è,c3834
ÄÃ,c3835
»o,c3836
ÁÞ,c3837
Ä©,c3838
µ¿,c3839
°Å,c3840
²j,c3841
²Ô,c3842
¾Q,c3843
Á¦,c3844
ÁU,c3845
¤í,c3846
«Ë,c3847
²c,c3848
Ås,c3849
¦¥,c3850
»n,c3851
±»,c3852
§ª,c3853
¤Ý,c3854
¿ï,c3855
»@,c3856
¿æ,c3857
Ä¡,c3858
§c,c3859
²Ò,c3860
§~,c3861
³^,c3862
À°,c3863
·³,c3864
²¿,c3865
Åa,c3866
°Ö,c3867
¦l,c3868
²w,c3869
¹é,c3870
¸[,c3871
¸»,c3872
Ä¯,c3873
¼¶,c3874
Âè,c3875
°¾,c3876
½Ø,c3877
¼ß,c3878
«E,c3879
Æ`,c3880
«},c3881
±Ï,c3882
¿B,c3883
¼ý,c3884
ºÜ,c3885
·ý,c3886
«Ä,c3887
·Z,c3888
¤Ï,c3889
Ãw,c3890
½®,c3891
²L,c3892
¹_,c3893
±ï,c3894
·Õ,c3895
Åì,c3896
¦U,c3897
Á¬,c3898
¨Ñ,c3899
¤×,c3900
µª,c3901
±Â,c3902
©d,c3903
¦Ù,c3904
´a,c3905
Â¸,c3906
¬¿,c3907
ÄM,c3908
¤P,c3909
Æy,c3910
·K,c3911
½],c3912
¦Y,c3913
±í,c3914
¹u,c3915
°ø,c3916
°Ç,c3917
ª×,c3918
¯õ,c3919
¿ã,c3920
Áó,c3921
·Æ,c3922
¿g,c3923
°¯,c3924
´],c3925
­ã,c3926
§¢,c3927
ÀÅ,c3928
Àü,c3929
ÅI,c3930
Äö,c3931
¶Ø,c3932
²¤,c3933
µ±,c3934
³±,c3935
­²,c3936
©Â,c3937
§Ò,c3938
½Æ,c3939
±y,c3940
Å³,c3941
¿Ï,c3942
±H,c3943
»F,c3944
°ú,c3945
´n,c3946
®Á,c3947
®é,c3948
©·,c3949
¦Ó,c3950
²µ,c3951
¿Ø,c3952
¨M,c3953
©],c3954
²Á,c3955
À­,c3956
½°,c3957
³E,c3958
©h,c3959
¯Ô,c3960
°Ñ,c3961
¨Q,c3962
¨V,c3963
ÄC,c3964
³ò,c3965
­H,c3966
·ã,c3967
·w,c3968
ÁL,c3969
½â,c3970
¬o,c3971
ºj,c3972
¥\,c3973
¶º,c3974
¿X,c3975
¨v,c3976
¼d,c3977
ºQ,c3978
¸ï,c3979
Är,c3980
¶ô,c3981
ÀT,c3982
­ä,c3983
¿s,c3984
§¡,c3985
¼N,c3986
¬Ñ,c3987
¼H,c3988
¾p,c3989
ÆJ,c3990
»J,c3991
¯»,c3992
Á«,c3993
³ü,c3994
¨Ù,c3995
¿º,c3996
·Ê,c3997
»K,c3998
¼¼,c3999
©{,c4000
Â®,c4001
¥Ö,c4002
«c,c4003
Äª,c4004
½`,c4005
ºq,c4006
µ¨,c4007
¨Ü,c4008
·²,c4009
±k,c4010
ºê,c4011
°£,c4012
®r,c4013
³¤,c4014
±P,c4015
ÂÂ,c4016
·Ý,c4017
²^,c4018
¨j,c4019
¥Z,c4020
²ý,c4021
¶c,c4022
¾v,c4023
Ám,c4024
¦[,c4025
ºt,c4026
²},c4027
ÆL,c4028
ÂT,c4029
º¯,c4030
§y,c4031
¦o,c4032
±E,c4033
´È,c4034
ÄÜ,c4035
¬×,c4036
¨Í,c4037
·Ç,c4038
»ê,c4039
¾{,c4040
·Þ,c4041
¿z,c4042
Âl,c4043
®~,c4044
¥r,c4045
µþ,c4046
¥U,c4047
¿u,c4048
½q,c4049
´À,c4050
ÂA,c4051
±r,c4052
­E,c4053
Ãù,c4054
¬£,c4055
½¹,c4056
Å~,c4057
¸|,c4058
¯v,c4059
ÅÊ,c4060
²Ü,c4061
±Ô,c4062
½^,c4063
µr,c4064
¹Y,c4065
·g,c4066
Âa,c4067
Âæ,c4068
³Ý,c4069
½x,c4070
·ß,c4071
¸É,c4072
µõ,c4073
²×,c4074
Â},c4075
¯l,c4076
¥Æ,c4077
¹|,c4078
ÅÀ,c4079
ÃL,c4080
»R,c4081
ÀG,c4082
¾Å,c4083
À£,c4084
±U,c4085
ªO,c4086
¨É,c4087
´i,c4088
¯f,c4089
ª],c4090
ªi,c4091
¯P,c4092
ÀU,c4093
¹û,c4094
¸ß,c4095
»÷,c4096
ªx,c4097
Ã·,c4098
¸È,c4099
±V,c4100
Àè,c4101
µj,c4102
ÁÔ,c4103
Àà,c4104
²U,c4105
ÃÙ,c4106
©Õ,c4107
½G,c4108
§q,c4109
Ã[,c4110
¿ø,c4111
¤¾,c4112
»N,c4113
¨æ,c4114
µ¹,c4115
¾Ä,c4116
­[,c4117
¤÷,c4118
­¼,c4119
½ä,c4120
¹~,c4121
Åª,c4122
­ª,c4123
Â¤,c4124
§p,c4125
¤î,c4126
¨â,c4127
¬p,c4128
Á|,c4129
²a,c4130
À§,c4131
ÁH,c4132
·h,c4133
µ[,c4134
°×,c4135
¸w,c4136
Æe,c4137
¸z,c4138
²N,c4139
½à,c4140
»Ä,c4141
¿^,c4142
°J,c4143
Âg,c4144
³Ì,c4145
ªq,c4146
¯z,c4147
±®,c4148
­w,c4149
Ãß,c4150
ÁÒ,c4151
±¥,c4152
´L,c4153
³e,c4154
¼«,c4155
¥õ,c4156
ÀÔ,c4157
±Ç,c4158
«ï,c4159
²å,c4160
¸X,c4161
§m,c4162
±ú,c4163
¯W,c4164
·`,c4165
¥´,c4166
µÚ,c4167
Åx,c4168
·S,c4169
·ä,c4170
ÁÆ,c4171
ºz,c4172
­¿,c4173
´K,c4174
­®,c4175
¿÷,c4176
§«,c4177
°S,c4178
³T,c4179
ÁÝ,c4180
Äq,c4181
¦¢,c4182
¸h,c4183
Á¿,c4184
¼a,c4185
®T,c4186
¹î,c4187
Ã«,c4188
ÃH,c4189
³Ñ,c4190
®þ,c4191
Ä¦,c4192
µÜ,c4193
»i,c4194
º­,c4195
¿þ,c4196
®U,c4197
±z,c4198
°g,c4199
¦È,c4200
¨_,c4201
ÄÇ,c4202
§Ô,c4203
´Ô,c4204
µà,c4205
Æt,c4206
­¬,c4207
Áð,c4208
®÷,c4209
­Å,c4210
°Ø,c4211
²u,c4212
´d,c4213
¼¸,c4214
Åw,c4215
³¬,c4216
ªr,c4217
¤Õ,c4218
¤³,c4219
µ³,c4220
³Ô,c4221
­l,c4222
¥V,c4223
©â,c4224
¶~,c4225
¿µ,c4226
Á\,c4227
ÅÒ,c4228
Âé,c4229
°¡,c4230
¨s,c4231
¾æ,c4232
ÃÆ,c4233
º§,c4234
ºI,c4235
¸½,c4236
©Ê,c4237
¯©,c4238
²Å,c4239
¼µ,c4240
ÅÞ,c4241
±²,c4242
¹E,c4243
¨÷,c4244
©A,c4245
¥ó,c4246
¼Ô,c4247
««,c4248
¦Ú,c4249
°t,c4250
ª¤,c4251
ºÈ,c4252
¾ý,c4253
½Ç,c4254
¤G,c4255
§ú,c4256
¿Á,c4257
·x,c4258
ªj,c4259
Äf,c4260
¶],c4261
°µ,c4262
¯t,c4263
«Ñ,c4264
¸·,c4265
Á½,c4266
Á],c4267
¥v,c4268
­N,c4269
¬Ý,c4270
²¡,c4271
¬í,c4272
¹P,c4273
ª¿,c4274
¨n,c4275
ªu,c4276
¯a,c4277
Á×,c4278
ªð,c4279
¾E,c4280
Â],c4281
­d,c4282
Ä[,c4283
ª©,c4284
±Y,c4285
¿î,c4286
»C,c4287
¶·,c4288
½¡,c4289
ÅD,c4290
¾¦,c4291
ÃÍ,c4292
¶Ó,c4293
°F,c4294
¤\,c4295
§£,c4296
¨ú,c4297
½ú,c4298
«ý,c4299
Ä¥,c4300
¨U,c4301
Á¯,c4302
Ãô,c4303
¾L,c4304
®ä,c4305
°j,c4306
Æa,c4307
ºÛ,c4308
Å¸,c4309
¾|,c4310
¹±,c4311
°Ë,c4312
«j,c4313
§F,c4314
´ë,c4315
Â~,c4316
²ö,c4317
Àn,c4318
Áz,c4319
Á·,c4320
´Ç,c4321
®£,c4322
¶p,c4323
¨Á,c4324
½©,c4325
Äm,c4326
®d,c4327
«f,c4328
¶Ù,c4329
°¢,c4330
©ß,c4331
ÀV,c4332
«o,c4333
´Ð,c4334
¿t,c4335
¦å,c4336
À},c4337
Âb,c4338
´ä,c4339
²q,c4340
¶ó,c4341
µJ,c4342
ÁW,c4343
´Þ,c4344
¬á,c4345
µ§,c4346
Àð,c4347
¹¥,c4348
»À,c4349
ÆY,c4350
±¼,c4351
ÄÔ,c4352
²¾,c4353
¤},c4354
²d,c4355
¿ö,c4356
¼»,c4357
ÁF,c4358
´Æ,c4359
²x,c4360
¤Â,c4361
¼·,c4362
Ãt,c4363
³¥,c4364
´Ò,c4365
±Á,c4366
§Ù,c4367
®ú,c4368
·Ï,c4369
¦Ñ,c4370
«\,c4371
¥Y,c4372
²É,c4373
¶Û,c4374
¦î,c4375
«L,c4376
²ó,c4377
°Â,c4378
¯­,c4379
¾£,c4380
¶ü,c4381
¼x,c4382
­´,c4383
¸d,c4384
°É,c4385
¾[,c4386
´j,c4387
¿å,c4388
¯¼,c4389
±Î,c4390
°«,c4391
­V,c4392
¥¦,c4393
¦¼,c4394
¼ú,c4395
ºv,c4396
»d,c4397
­Ì,c4398
§|,c4399
²T,c4400
ÂY,c4401
¾r,c4402
®Ó,c4403
³W,c4404
¦ª,c4405
®Ø,c4406
©Û,c4407
º¥,c4408
­ß,c4409
¨f,c4410
¦C,c4411
¦T,c4412
ºF,c4413
¿¢,c4414
Å§,c4415
´Å,c4416
¼I,c4417
¿¡,c4418
¾·,c4419
¨À,c4420
¯¢,c4421
³Ù,c4422
Å¶,c4423
¶x,c4424
³á,c4425
«Õ,c4426
¸Ì,c4427
¨û,c4428
¿],c4429
¼ì,c4430
³L,c4431
³£,c4432
¼±,c4433
·ü,c4434
¯Ä,c4435
Ã»,c4436
¬Q,c4437
²ê,c4438
«ç,c4439
¾®,c4440
¹x,c4441
½},c4442
¿d,c4443
¥è,c4444
¨¤,c4445
ÅÝ,c4446
¼Í,c4447
¯b,c4448
«Ã,c4449
¾m,c4450
§Û,c4451
²Ê,c4452
´{,c4453
«R,c4454
Åº,c4455
¬},c4456
±ô,c4457
ªÊ,c4458
´w,c4459
¥F,c4460
µe,c4461
¸W,c4462
¼ê,c4463
Ãµ,c4464
¾ö,c4465
Áï,c4466
´¦,c4467
ºÏ,c4468
¦ñ,c4469
·Á,c4470
À¾,c4471
·¹,c4472
±e,c4473
ª¦,c4474
Ãz,c4475
¨Ë,c4476
Ãû,c4477
Åó,c4478
¦A,c4479
±x,c4480
·V,c4481
©æ,c4482
¶|,c4483
³Á,c4484
·ê,c4485
®ý,c4486
¦ý,c4487
¨ç,c4488
´M,c4489
¾z,c4490
«z,c4491
¾³,c4492
Á¹,c4493
·I,c4494
±O,c4495
±Ü,c4496
¶¡,c4497
Äï,c4498
´X,c4499
¥²,c4500
»{,c4501
µÈ,c4502
«Ì,c4503
¶Ë,c4504
¯¨,c4505
«ô,c4506
©F,c4507
¯¿,c4508
»ò,c4509
«W,c4510
±I,c4511
´P,c4512
½l,c4513
¾V,c4514
¾¢,c4515
³­,c4516
¼ç,c4517
±õ,c4518
¥L,c4519
­°,c4520
¿»,c4521
³Ê,c4522
±å,c4523
»u,c4524
·é,c4525
½Î,c4526
Äb,c4527
Ã{,c4528
­¾,c4529
°¼,c4530
ÅÙ,c4531
ºr,c4532
½Ñ,c4533
¾O,c4534
¨Ä,c4535
Àù,c4536
¥|,c4537
¼¹,c4538
­A,c4539
Àb,c4540
Â±,c4541
ÀH,c4542
¨þ,c4543
©Z,c4544
³m,c4545
ÂÐ,c4546
¹Æ,c4547
©C,c4548
´h,c4549
Â¿,c4550
Àû,c4551
¸¹,c4552
¶Í,c4553
¦ò,c4554
·â,c4555
®l,c4556
²G,c4557
·a,c4558
ÁÃ,c4559
¬|,c4560
»à,c4561
·\,c4562
½»,c4563
±½,c4564
ª¶,c4565
Â©,c4566
·á,c4567
³G,c4568
½Ó,c4569
¬c,c4570
¬N,c4571
Ãe,c4572
º«,c4573
¶å,c4574
Åø,c4575
±î,c4576
ÀÉ,c4577
¾¯,c4578
­Ç,c4579
°©,c4580
ºp,c4581
³º,c4582
º²,c4583
«é,c4584
Æg,c4585
ºä,c4586
¸á,c4587
»±,c4588
¾M,c4589
ÆQ,c4590
¾¶,c4591
´O,c4592
µÂ,c4593
ÀF,c4594
¤Ì,c4595
¸],c4596
º¬,c4597
§Ú,c4598
³å,c4599
²D,c4600
¾C,c4601
¶M,c4602
»\,c4603
Å­,c4604
ÂÆ,c4605
ÀJ,c4606
¶ï,c4607
ºY,c4608
´Í,c4609
Ã¶,c4610
­à,c4611
½Í,c4612
¥Ò,c4613
»Ò,c4614
¹J,c4615
¿í,c4616
Ãb,c4617
´l,c4618
ÂÑ,c4619
²R,c4620
¯®,c4621
Åú,c4622
Àµ,c4623
Å½,c4624
ÀÆ,c4625
ºª,c4626
«Æ,c4627
·ú,c4628
ÁÈ,c4629
±É,c4630
¬¼,c4631
¤F,c4632
¼g,c4633
©ã,c4634
«[,c4635
±Í,c4636
ÅC,c4637
©»,c4638
Àæ,c4639
®¤,c4640
ªº,c4641
§t,c4642
«»,c4643
ºÆ,c4644
¤x,c4645
¤L,c4646
¸Þ,c4647
½ª,c4648
±¾,c4649
Ä´,c4650
µR,c4651
¹ã,c4652
¹ð,c4653
Âß,c4654
¾D,c4655
¨è,c4656
²¢,c4657
¨µ,c4658
½¼,c4659
¸y,c4660
Åà,c4661
¯ó,c4662
ºµ,c4663
¿¹,c4664
¾ª,c4665
ºB,c4666
¯Ê,c4667
¯Æ,c4668
Àñ,c4669
§P,c4670
Àj,c4671
§Ü,c4672
¾u,c4673
ÁS,c4674
¾\,c4675
©ë,c4676
¼Ñ,c4677
­ö,c4678
©å,c4679
µÃ,c4680
»û,c4681
¯A,c4682
¨S,c4683
·ó,c4684
¨w,c4685
»²,c4686
½¯,c4687
ÄF,c4688
®½,c4689
´Ý,c4690
¶Þ,c4691
§\,c4692
°ã,c4693
²Ã,c4694
Ã¥,c4695
Äæ,c4696
ÂÄ,c4697
¼®,c4698
¾o,c4699
©^,c4700
³j,c4701
´u,c4702
½a,c4703
ºá,c4704
¤S,c4705
Áq,c4706
¨E,c4707
¹r,c4708
´©,c4709
ªÞ,c4710
¤«,c4711
¯ª,c4712
¶l,c4713
§í,c4714
¥T,c4715
±ë,c4716
¶[,c4717
²V,c4718
ÆS,c4719
¯´,c4720
Åg,c4721
©í,c4722
±Ñ,c4723
ªÝ,c4724
Å|,c4725
ªÉ,c4726
¬¤,c4727
¯Q,c4728
®²,c4729
¥k,c4730
¥Ù,c4731
¶¨,c4732
«I,c4733
ºß,c4734
¥¥,c4735
¥B,c4736
¨ø,c4737
Ãé,c4738
¾¨,c4739
´ó,c4740
³R,c4741
»ü,c4742
¤ã,c4743
¦`,c4744
µÒ,c4745
°_,c4746
¾Þ,c4747
¼û,c4748
¬D,c4749
©B,c4750
ª½,c4751
¸Ø,c4752
Á£,c4753
Á°,c4754
ºå,c4755
¯s,c4756
ºí,c4757
®¥,c4758
¿Y,c4759
ÃG,c4760
º],c4761
¿},c4762
¼½,c4763
´B,c4764
¤e,c4765
°e,c4766
¿Ô,c4767
º³,c4768
Âê,c4769
µd,c4770
µx,c4771
±Z,c4772
¾×,c4773
¨z,c4774
ÄV,c4775
­ü,c4776
¸{,c4777
³k,c4778
µK,c4779
³P,c4780
ÁV,c4781
ºï,c4782
¥O,c4783
¯Á,c4784
­ô,c4785
±p,c4786
Áx,c4787
¥M,c4788
­¥,c4789
Åh,c4790
¶à,c4791
¾Û,c4792
­Ò,c4793
¶«,c4794
¨d,c4795
¦^,c4796
½f,c4797
ÁE,c4798
«F,c4799
ªJ,c4800
­{,c4801
»ù,c4802
¹T,c4803
²á,c4804
¨D,c4805
Å_,c4806
ªn,c4807
©E,c4808
Àr,c4809
¯Ù,c4810
Äg,c4811
Áù,c4812
Áa,c4813
¹U,c4814
ª£,c4815
ºZ,c4816
ªà,c4817
§R,c4818
¶±,c4819
²ë,c4820
©n,c4821
¨ï,c4822
Àò,c4823
¿Ã,c4824
¹Ü,c4825
©Ú,c4826
»p,c4827
·¬,c4828
¹â,c4829
®k,c4830
®¬,c4831
¯e,c4832
Áu,c4833
¯¬,c4834
³|,c4835
Æ\,c4836
¨B,c4837
Ã¤,c4838
Æn,c4839
